Unnamed: 0_level_0,Unnamed: 1_level_0,Unnamed: 2_level_0,Unnamed: 3_level_0,Playing Time,Playing Time,Playing Time,Playing Time,Performance,Performance,Performance,Performance,Performance,Performance,Performance,Performance,Expected,Expected,Expected,Expected,Progression,Progression,Progression,Per 90 Minutes,Per 90 Minutes,Per 90 Minutes,Per 90 Minutes,Per 90 Minutes,Per 90 Minutes,Per 90 Minutes,Per 90 Minutes,Per 90 Minutes,Per 90 Minutes,Team
Player,Nation,Pos,Age,MP,Starts,Min,90s,Gls,Ast,G+A,G-PK,PK,PKatt,CrdY,CrdR,xG,npxG,xAG,npxG+xAG,PrgC,PrgP,PrgR,Gls,Ast,G+A,G-PK,G+A-PK,xG,xAG,xG+xAG,npxG,npxG+xAG,
Virgil van Dijk,nl NED,DF,33-136,11.0,11,990.0,11.0,1.0,1.0,2.0,1.0,0.0,0.0,1.0,0.0,0.5,0.5,0.3,0.7,1.0,44.0,0.0,0.09,0.09,0.18,0.09,0.18,0.04,0.03,0.07,0.04,0.07,Liverpool
Ryan Gravenberch,nl NED,MF,22-189,11.0,11,989.0,11.0,0.0,0.0,0.0,0.0,0.0,0.0,2.0,0.0,0.2,0.2,0.4,0.6,23.0,61.0,15.0,0.0,0.0,0.0,0.0,0.0,0.02,0.04,0.06,0.02,0.06,Liverpool
Mohamed Salah,eg EGY,FW,32-159,11.0,11,963.0,10.7,8.0,6.0,14.0,6.0,2.0,2.0,0.0,0.0,6.5,4.9,3.7,8.7,39.0,41.0,122.0,0.75,0.56,1.31,0.56,1.12,0.61,0.35,0.96,0.46,0.81,Liverpool
Trent Alexander-Arnold,eng ENG,DF,26-045,11.0,11,866.0,9.6,0.0,1.0,1.0,0.0,0.0,0.0,2.0,0.0,0.4,0.4,2.5,2.9,23.0,54.0,25.0,0.0,0.1,0.1,0.0,0.1,0.04,0.26,0.3,0.04,0.3,Liverpool
Ibrahima Konaté,fr FRA,DF,25-180,11.0,10,884.0,9.8,1.0,1.0,2.0,1.0,0.0,0.0,3.0,0.0,0.8,0.8,0.2,1.0,4.0,30.0,1.0,0.1,0.1,0.2,0.1,0.2,0.09,0.02,0.11,0.09,0.11,Liverpool
Alexis Mac Allister,ar ARG,MF,25-333,11.0,10,777.0,8.6,0.0,0.0,0.0,0.0,0.0,0.0,4.0,0.0,0.3,0.3,1.1,1.4,11.0,47.0,27.0,0.0,0.0,0.0,0.0,0.0,0.04,0.12,0.16,0.04,0.16,Liverpool
Andrew Robertson,sct SCO,DF,30-255,10.0,9,756.0,8.4,0.0,0.0,0.0,0.0,0.0,0.0,1.0,0.0,0.4,0.4,1.8,2.2,15.0,42.0,18.0,0.0,0.0,0.0,0.0,0.0,0.05,0.22,0.27,0.05,0.27,Liverpool
Dominik Szoboszlai,hu HUN,MF,24-027,11.0,8,746.0,8.3,0.0,1.0,1.0,0.0,0.0,0.0,3.0,0.0,1.5,1.5,1.2,2.7,23.0,34.0,30.0,0.0,0.12,0.12,0.0,0.12,0.18,0.15,0.32,0.18,0.32,Liverpool
Luis Díaz,co COL,FW,27-313,11.0,8,648.0,7.2,5.0,2.0,7.0,5.0,0.0,0.0,0.0,0.0,2.8,2.8,1.5,4.3,31.0,21.0,65.0,0.69,0.28,0.97,0.69,0.97,0.39,0.2,0.59,0.39,0.59,Liverpool
Diogo Jota,pt POR,FW,27-353,7.0,7,492.0,5.5,2.0,2.0,4.0,2.0,0.0,0.0,1.0,0.0,2.7,2.7,0.8,3.5,13.0,6.0,34.0,0.37,0.37,0.73,0.37,0.73,0.5,0.14,0.64,0.5,0.64,Liverpool
Alisson,br BRA,GK,32-050,6.0,6,528.0,5.9,0.0,0.0,0.0,0.0,0.0,0.0,0.0,0.0,0.0,0.0,0.0,0.0,0.0,0.0,0.0,0.0,0.0,0.0,0.0,0.0,0.0,0.0,0.0,0.0,0.0,Liverpool
Caoimhín Kelleher,ie IRL,GK,25-364,5.0,5,450.0,5.0,0.0,0.0,0.0,0.0,0.0,0.0,0.0,0.0,0.0,0.0,0.0,0.0,0.0,0.0,0.0,0.0,0.0,0.0,0.0,0.0,0.0,0.0,0.0,0.0,0.0,Liverpool
Darwin Núñez,uy URU,FW,25-150,8.0,4,427.0,4.7,2.0,1.0,3.0,2.0,0.0,0.0,2.0,0.0,1.5,1.5,0.5,2.0,9.0,9.0,32.0,0.42,0.21,0.63,0.42,0.63,0.32,0.11,0.43,0.32,0.43,Liverpool
Curtis Jones,eng ENG,MF,23-296,8.0,4,410.0,4.6,1.0,1.0,2.0,1.0,0.0,0.0,0.0,0.0,1.3,1.3,0.2,1.4,5.0,23.0,14.0,0.22,0.22,0.44,0.22,0.44,0.28,0.03,0.31,0.28,0.31,Liverpool
Cody Gakpo,nl NED,FW,25-198,11.0,3,423.0,4.7,1.0,1.0,2.0,1.0,0.0,0.0,2.0,0.0,0.7,0.7,1.0,1.7,11.0,13.0,57.0,0.21,0.21,0.43,0.21,0.43,0.14,0.21,0.36,0.14,0.36,Liverpool
Kostas Tsimikas,gr GRE,DF,28-193,6.0,2,232.0,2.6,0.0,0.0,0.0,0.0,0.0,0.0,0.0,0.0,0.1,0.1,0.5,0.6,5.0,28.0,6.0,0.0,0.0,0.0,0.0,0.0,0.03,0.2,0.23,0.03,0.23,Liverpool
Jarell Quansah,eng ENG,DF,21-297,1.0,1,45.0,0.5,0.0,0.0,0.0,0.0,0.0,0.0,0.0,0.0,0.0,0.0,0.0,0.0,0.0,0.0,0.0,0.0,0.0,0.0,0.0,0.0,0.0,0.0,0.0,0.0,0.0,Liverpool
Conor Bradley,nir NIR,DF,21-135,6.0,0,146.0,1.6,0.0,0.0,0.0,0.0,0.0,0.0,0.0,0.0,0.2,0.2,0.0,0.2,9.0,9.0,5.0,0.0,0.0,0.0,0.0,0.0,0.14,0.0,0.14,0.14,0.14,Liverpool
Joe Gomez,eng ENG,DF,27-182,3.0,0,57.0,0.6,0.0,0.0,0.0,0.0,0.0,0.0,0.0,0.0,0.3,0.3,0.0,0.3,0.0,0.0,0.0,0.0,0.0,0.0,0.0,0.0,0.47,0.0,0.47,0.47,0.47,Liverpool
Wataru Endo,jp JPN,MF,31-286,5.0,0,22.0,0.2,0.0,0.0,0.0,0.0,0.0,0.0,0.0,0.0,0.0,0.0,0.0,0.0,0.0,1.0,0.0,0.0,0.0,0.0,0.0,0.0,0.0,0.08,0.08,0.0,0.08,Liverpool
Federico Chiesa,it ITA,FW,27-027,1.0,0,19.0,0.2,0.0,0.0,0.0,0.0,0.0,0.0,0.0,0.0,0.2,0.2,0.0,0.2,1.0,0.0,2.0,0.0,0.0,0.0,0.0,0.0,0.76,0.0,0.76,0.76,0.76,Liverpool
Vitezslav Jaros,cz CZE,GK,23-121,1.0,0,12.0,0.1,0.0,0.0,0.0,0.0,0.0,0.0,0.0,0.0,0.0,0.0,0.0,0.0,0.0,0.0,0.0,0.0,0.0,0.0,0.0,0.0,0.0,0.0,0.0,0.0,0.0,Liverpool
Harvey Elliott,eng ENG,FW,21-231,1.0,0,8.0,0.1,0.0,0.0,0.0,0.0,0.0,0.0,0.0,0.0,0.0,0.0,0.0,0.0,1.0,0.0,3.0,0.0,0.0,0.0,0.0,0.0,0.0,0.0,0.0,0.0,0.0,Liverpool
Harvey Davies,eng ENG,GK,21-079,0.0,0,,,,,,,,,,,,,,,,,,,,,,,,,,,,Liverpool
Tyler Morton,eng ENG,MF,22-021,0.0,0,,,,,,,,,,,,,,,,,,,,,,,,,,,,Liverpool
Squad Total,,,27.4,11.0,121,990.0,11.0,21.0,17.0,38.0,19.0,2.0,2.0,21.0,0.0,20.1,18.6,15.4,34.0,224.0,463.0,456.0,1.91,1.55,3.45,1.73,3.27,1.83,1.4,3.23,1.69,3.09,Liverpool
Opponent Total,,,26.2,11.0,121,990.0,11.0,6.0,5.0,11.0,6.0,0.0,0.0,33.0,0.0,9.3,9.3,7.5,16.8,168.0,354.0,348.0,0.55,0.45,1.0,0.55,1.0,0.84,0.68,1.53,0.84,1.53,Liverpool
Ederson,br BRA,GK,31-096,,11,990.0,11.0,0.0,1.0,1.0,0.0,0.0,0.0,3.0,0.0,0.0,0.0,0.4,0.4,0.0,1.0,0.0,0.0,0.09,0.09,0.0,0.09,0.0,0.03,0.03,0.0,0.03,Manchester-City
Erling Haaland,no NOR,FW,24-123,,11,989.0,11.0,12.0,0.0,12.0,11.0,1.0,1.0,2.0,0.0,11.0,10.2,0.5,10.7,9.0,5.0,44.0,1.09,0.0,1.09,1.0,1.0,1.0,0.04,1.05,0.93,0.98,Manchester-City
Joško Gvardiol,hr CRO,DF,22-303,,10,942.0,10.5,3.0,0.0,3.0,3.0,0.0,0.0,0.0,0.0,0.6,0.6,0.9,1.5,30.0,107.0,23.0,0.29,0.0,0.29,0.29,0.29,0.06,0.08,0.14,0.06,0.14,Manchester-City
Mateo Kovačić,hr CRO,MF,30-199,,10,879.0,9.8,3.0,0.0,3.0,3.0,0.0,0.0,3.0,0.0,1.0,1.0,1.5,2.5,32.0,59.0,11.0,0.31,0.0,0.31,0.31,0.31,0.1,0.15,0.25,0.1,0.25,Manchester-City
Bernardo Silva,pt POR,"MF,FW",30-103,,9,836.0,9.3,0.0,3.0,3.0,0.0,0.0,0.0,2.0,0.0,1.4,1.4,2.5,3.9,41.0,46.0,88.0,0.0,0.32,0.32,0.0,0.32,0.15,0.27,0.42,0.15,0.42,Manchester-City
Manuel Akanji,ch SUI,DF,29-125,,9,781.0,8.7,0.0,0.0,0.0,0.0,0.0,0.0,1.0,0.0,0.1,0.1,0.3,0.4,19.0,67.0,3.0,0.0,0.0,0.0,0.0,0.0,0.01,0.03,0.04,0.01,0.04,Manchester-City
Rico Lewis,eng ENG,"DF,MF",20-000,,9,772.0,8.6,0.0,2.0,2.0,0.0,0.0,0.0,1.0,0.0,0.7,0.7,0.3,1.0,21.0,44.0,41.0,0.0,0.23,0.23,0.0,0.23,0.08,0.03,0.11,0.08,0.11,Manchester-City
Rúben Dias,pt POR,DF,27-191,,8,727.0,8.1,0.0,0.0,0.0,0.0,0.0,0.0,3.0,0.0,0.6,0.6,0.1,0.7,12.0,57.0,3.0,0.0,0.0,0.0,0.0,0.0,0.07,0.02,0.09,0.07,0.09,Manchester-City
İlkay Gündoğan,de GER,MF,34-028,,7,626.0,7.0,0.0,1.0,1.0,0.0,0.0,0.0,0.0,0.0,1.3,1.3,1.1,2.4,19.0,39.0,41.0,0.0,0.14,0.14,0.0,0.14,0.19,0.16,0.34,0.19,0.34,Manchester-City
Sávio,br BRA,"FW,MF",20-225,,7,526.0,5.8,0.0,2.0,2.0,0.0,0.0,0.0,2.0,0.0,1.7,1.7,3.1,4.8,57.0,25.0,88.0,0.0,0.34,0.34,0.0,0.34,0.29,0.52,0.81,0.29,0.81,Manchester-City
Kyle Walker,eng ENG,DF,34-177,,5,469.0,5.2,0.0,0.0,0.0,0.0,0.0,0.0,1.0,0.0,0.1,0.1,0.4,0.5,7.0,34.0,2.0,0.0,0.0,0.0,0.0,0.0,0.03,0.08,0.1,0.03,0.1,Manchester-City
Jeremy Doku,be BEL,"FW,MF",22-178,,5,407.0,4.5,1.0,1.0,2.0,1.0,0.0,0.0,0.0,0.0,0.4,0.4,1.2,1.6,66.0,19.0,83.0,0.22,0.22,0.44,0.22,0.44,0.09,0.27,0.36,0.09,0.36,Manchester-City
Phil Foden,eng ENG,MF,24-177,,4,462.0,5.1,0.0,1.0,1.0,0.0,0.0,0.0,0.0,0.0,0.9,0.9,2.2,3.1,12.0,28.0,44.0,0.0,0.19,0.19,0.0,0.19,0.17,0.43,0.6,0.17,0.6,Manchester-City
Kevin De Bruyne,be BEL,MF,33-146,,4,373.0,4.1,1.0,1.0,2.0,1.0,0.0,0.0,1.0,0.0,1.2,1.2,1.7,2.9,13.0,52.0,38.0,0.24,0.24,0.48,0.24,0.48,0.3,0.41,0.71,0.3,0.71,Manchester-City
Jack Grealish,eng ENG,"FW,MF",29-072,,4,346.0,3.8,0.0,1.0,1.0,0.0,0.0,0.0,2.0,0.0,0.5,0.5,1.0,1.6,46.0,17.0,67.0,0.0,0.26,0.26,0.0,0.26,0.14,0.27,0.41,0.14,0.41,Manchester-City
Matheus Nunes,pt POR,"MF,FW",26-086,,3,293.0,3.3,0.0,2.0,2.0,0.0,0.0,0.0,0.0,0.0,0.1,0.1,1.5,1.6,16.0,18.0,55.0,0.0,0.61,0.61,0.0,0.61,0.03,0.46,0.49,0.03,0.49,Manchester-City
John Stones,eng ENG,"DF,MF",30-177,,2,241.0,2.7,2.0,0.0,2.0,2.0,0.0,0.0,1.0,0.0,0.4,0.4,0.0,0.4,8.0,10.0,1.0,0.75,0.0,0.75,0.75,0.75,0.16,0.0,0.16,0.16,0.16,Manchester-City
Jahmai Simpson-Pusey,eng ENG,DF,19-017,,1,90.0,1.0,0.0,0.0,0.0,0.0,0.0,0.0,1.0,0.0,0.0,0.0,0.0,0.0,1.0,3.0,0.0,0.0,0.0,0.0,0.0,0.0,0.0,0.0,0.0,0.0,0.0,Manchester-City
Nathan Aké,nl NED,DF,29-277,,1,75.0,0.8,0.0,0.0,0.0,0.0,0.0,0.0,0.0,0.0,0.0,0.0,0.0,0.0,2.0,5.0,1.0,0.0,0.0,0.0,0.0,0.0,0.02,0.0,0.02,0.02,0.02,Manchester-City
Rodri,es ESP,MF,28-152,,1,65.0,0.7,0.0,0.0,0.0,0.0,0.0,0.0,0.0,0.0,0.0,0.0,0.0,0.0,0.0,4.0,1.0,0.0,0.0,0.0,0.0,0.0,0.0,0.06,0.06,0.0,0.06,Manchester-City
James Mcatee,eng ENG,FW,22-034,,0,1.0,0.0,0.0,0.0,0.0,0.0,0.0,0.0,0.0,0.0,0.0,0.0,0.0,0.0,0.0,0.0,0.0,0.0,0.0,0.0,0.0,0.0,0.0,0.0,0.0,0.0,0.0,Manchester-City
Scott Carson,eng ENG,GK,39-079,,0,,,,,,,,,,,,,,,,,,,,,,,,,,,,Manchester-City
Issa Kaboré,bf BFA,"DF,MF",23-193,,0,,,,,,,,,,,,,,,,,,,,,,,,,,,,Manchester-City
Stefan Ortega,de GER,GK,32-015,,0,,,,,,,,,,,,,,,,,,,,,,,,,,,,Manchester-City
Nico O’Reilly,eng ENG,FW,19-245,,0,,,,,,,,,,,,,,,,,,,,,,,,,,,,Manchester-City
Josh Wilson-Esbrand,eng ENG,DF,21-331,,0,,,,,,,,,,,,,,,,,,,,,,,,,,,,Manchester-City
Jacob Wright,eng ENG,MF,19-061,,0,,,,,,,,,,,,,,,,,,,,,,,,,,,,Manchester-City
Squad Total,,,27.5,,121,990.0,11.0,22.0,15.0,37.0,21.0,1.0,1.0,23.0,0.0,22.0,21.2,18.4,39.6,411.0,640.0,634.0,2.0,1.36,3.36,1.91,3.27,2.0,1.67,3.67,1.93,3.6,Manchester-City
Opponent Total,,,26.7,,121,990.0,11.0,12.0,9.0,21.0,11.0,1.0,1.0,31.0,1.0,13.0,12.3,10.3,22.5,143.0,233.0,231.0,1.09,0.82,1.91,1.0,1.82,1.19,0.93,2.12,1.11,2.05,Manchester-City
Robert Sánchez,es ESP,GK,27-003,,11,990.0,11.0,0.0,0.0,0.0,0.0,0.0,0.0,2.0,0.0,0.0,0.0,0.0,0.0,0.0,1.0,0.0,0.0,0.0,0.0,0.0,0.0,0.0,0.0,0.0,0.0,0.0,Chelsea
Levi Colwill,eng ENG,DF,21-269,,11,989.0,11.0,0.0,0.0,0.0,0.0,0.0,0.0,3.0,0.0,0.2,0.2,0.6,0.8,3.0,40.0,0.0,0.0,0.0,0.0,0.0,0.0,0.02,0.06,0.07,0.02,0.07,Chelsea
Moisés Caicedo,ec ECU,MF,23-019,,11,975.0,10.8,1.0,2.0,3.0,1.0,0.0,0.0,2.0,0.0,0.3,0.3,1.6,1.9,9.0,54.0,13.0,0.09,0.18,0.28,0.09,0.28,0.02,0.15,0.17,0.02,0.17,Chelsea
Cole Palmer,eng ENG,"MF,FW",22-199,,11,955.0,10.6,7.0,5.0,12.0,6.0,1.0,1.0,3.0,0.0,5.2,4.4,4.8,9.2,37.0,63.0,48.0,0.66,0.47,1.13,0.57,1.04,0.49,0.45,0.94,0.41,0.86,Chelsea
Nicolas Jackson,sn SEN,FW,23-154,,11,866.0,9.6,6.0,3.0,9.0,6.0,0.0,0.0,4.0,0.0,6.2,6.2,1.4,7.6,19.0,15.0,34.0,0.62,0.31,0.94,0.62,0.94,0.65,0.14,0.79,0.65,0.79,Chelsea
Wesley Fofana,fr FRA,DF,23-340,,10,866.0,9.6,0.0,0.0,0.0,0.0,0.0,0.0,6.0,0.0,0.4,0.4,0.4,0.8,9.0,18.0,4.0,0.0,0.0,0.0,0.0,0.0,0.04,0.04,0.08,0.04,0.08,Chelsea
Noni Madueke,eng ENG,FW,22-256,,10,754.0,8.4,4.0,0.0,4.0,4.0,0.0,0.0,2.0,0.0,2.8,2.8,1.6,4.4,53.0,27.0,74.0,0.48,0.0,0.48,0.48,0.48,0.34,0.19,0.53,0.34,0.53,Chelsea
Malo Gusto,fr FRA,DF,21-186,,9,726.0,8.1,0.0,0.0,0.0,0.0,0.0,0.0,2.0,0.0,1.1,1.1,0.2,1.3,13.0,40.0,34.0,0.0,0.0,0.0,0.0,0.0,0.14,0.02,0.16,0.14,0.16,Chelsea
Marc Cucurella,es ESP,DF,26-122,,8,738.0,8.2,0.0,0.0,0.0,0.0,0.0,0.0,6.0,0.0,0.0,0.0,0.2,0.2,10.0,23.0,17.0,0.0,0.0,0.0,0.0,0.0,0.01,0.02,0.03,0.01,0.03,Chelsea
Enzo Fernández,ar ARG,MF,23-309,,6,612.0,6.8,0.0,1.0,1.0,0.0,0.0,0.0,1.0,0.0,0.4,0.4,1.2,1.6,8.0,35.0,19.0,0.0,0.15,0.15,0.0,0.15,0.06,0.17,0.23,0.06,0.23,Chelsea
Pedro Neto,pt POR,FW,24-257,,5,558.0,6.2,1.0,2.0,3.0,1.0,0.0,0.0,4.0,0.0,0.4,0.4,2.2,2.6,36.0,9.0,63.0,0.16,0.32,0.48,0.16,0.48,0.07,0.36,0.43,0.07,0.43,Chelsea
Roméo Lavia,be BEL,MF,20-320,,5,337.0,3.7,0.0,1.0,1.0,0.0,0.0,0.0,1.0,0.0,0.0,0.0,0.6,0.6,2.0,11.0,5.0,0.0,0.27,0.27,0.0,0.27,0.0,0.16,0.16,0.0,0.16,Chelsea
Jadon Sancho,eng ENG,FW,24-241,,4,305.0,3.4,0.0,3.0,3.0,0.0,0.0,0.0,1.0,0.0,0.1,0.1,1.1,1.2,17.0,17.0,38.0,0.0,0.89,0.89,0.0,0.89,0.02,0.33,0.35,0.02,0.35,Chelsea
Reece James,eng ENG,DF,24-349,,3,241.0,2.7,0.0,0.0,0.0,0.0,0.0,0.0,0.0,0.0,0.0,0.0,0.0,0.0,0.0,8.0,1.0,0.0,0.0,0.0,0.0,0.0,0.0,0.0,0.0,0.0,0.0,Chelsea
Tosin Adarabioyo,eng ENG,DF,27-058,,2,173.0,1.9,0.0,0.0,0.0,0.0,0.0,0.0,1.0,0.0,0.0,0.0,0.0,0.0,0.0,2.0,0.0,0.0,0.0,0.0,0.0,0.0,0.0,0.01,0.01,0.0,0.01,Chelsea
Renato Veiga,pt POR,"DF,MF",21-115,,1,168.0,1.9,0.0,0.0,0.0,0.0,0.0,0.0,2.0,0.0,0.2,0.2,0.0,0.2,4.0,7.0,2.0,0.0,0.0,0.0,0.0,0.0,0.08,0.0,0.08,0.08,0.08,Chelsea
Christopher Nkunku,fr FRA,FW,27-007,,1,162.0,1.8,1.0,0.0,1.0,1.0,0.0,0.0,1.0,0.0,1.7,1.7,0.3,2.0,5.0,7.0,18.0,0.56,0.0,0.56,0.56,0.56,0.95,0.16,1.11,0.95,1.11,Chelsea
Mykhailo Mudryk,ua UKR,FW,23-321,,1,151.0,1.7,0.0,0.0,0.0,0.0,0.0,0.0,0.0,0.0,0.3,0.3,1.0,1.2,7.0,5.0,12.0,0.0,0.0,0.0,0.0,0.0,0.15,0.58,0.73,0.15,0.73,Chelsea
Axel Disasi,fr FRA,DF,26-255,,1,94.0,1.0,0.0,0.0,0.0,0.0,0.0,0.0,0.0,0.0,0.0,0.0,0.0,0.0,1.0,5.0,0.0,0.0,0.0,0.0,0.0,0.0,0.0,0.0,0.0,0.0,0.0,Chelsea
João Félix,pt POR,"MF,FW",25-011,,0,122.0,1.4,1.0,0.0,1.0,1.0,0.0,0.0,1.0,0.0,0.7,0.7,0.0,0.7,7.0,8.0,11.0,0.74,0.0,0.74,0.74,0.74,0.51,0.02,0.52,0.51,0.52,Chelsea
Kiernan Dewsbury-Hall,eng ENG,MF,26-076,,0,46.0,0.5,0.0,0.0,0.0,0.0,0.0,0.0,0.0,0.0,0.0,0.0,0.1,0.1,3.0,2.0,1.0,0.0,0.0,0.0,0.0,0.0,0.0,0.18,0.18,0.0,0.18,Chelsea
Benoît Badiashile,fr FRA,DF,23-240,,0,38.0,0.4,0.0,0.0,0.0,0.0,0.0,0.0,0.0,0.0,0.0,0.0,0.0,0.0,1.0,3.0,1.0,0.0,0.0,0.0,0.0,0.0,0.0,0.0,0.0,0.0,0.0,Chelsea
Marc Guiu,es ESP,FW,18-322,,0,24.0,0.3,0.0,0.0,0.0,0.0,0.0,0.0,0.0,0.0,0.0,0.0,0.0,0.0,0.0,0.0,0.0,0.0,0.0,0.0,0.0,0.0,0.0,0.0,0.0,0.0,0.0,Chelsea
Marcus Bettinelli,eng ENG,GK,32-181,,0,,,,,,,,,,,,,,,,,,,,,,,,,,,,Chelsea
Cesare Casadei,it ITA,MF,21-316,,0,,,,,,,,,,,,,,,,,,,,,,,,,,,,Chelsea
Filip Jørgensen,dk DEN,GK,22-219,,0,,,,,,,,,,,,,,,,,,,,,,,,,,,,Chelsea
Squad Total,,,23.8,,121,990.0,11.0,21.0,17.0,38.0,20.0,1.0,1.0,42.0,0.0,19.6,18.8,17.0,35.9,244.0,400.0,395.0,1.91,1.55,3.45,1.82,3.36,1.78,1.55,3.33,1.71,3.26,Chelsea
Opponent Total,,,26.8,,121,990.0,11.0,13.0,8.0,21.0,11.0,2.0,3.0,37.0,1.0,15.1,12.7,9.7,22.4,191.0,396.0,392.0,1.18,0.73,1.91,1.0,1.73,1.37,0.88,2.25,1.15,2.03,Chelsea
Kai Havertz,de GER,FW,25-163,,11,990.0,11.0,4.0,1.0,5.0,4.0,0.0,0.0,2.0,0.0,4.5,4.5,1.1,5.7,20.0,33.0,60.0,0.36,0.09,0.45,0.36,0.45,0.41,0.1,0.52,0.41,0.52,Arsenal
David Raya,es ESP,GK,29-067,,11,990.0,11.0,0.0,0.0,0.0,0.0,0.0,0.0,2.0,0.0,0.0,0.0,0.0,0.0,0.0,3.0,0.0,0.0,0.0,0.0,0.0,0.0,0.0,0.0,0.0,0.0,0.0,Arsenal
Thomas Partey,gh GHA,"MF,DF",31-161,,11,972.0,10.8,1.0,0.0,1.0,1.0,0.0,0.0,2.0,0.0,0.6,0.6,0.6,1.2,4.0,65.0,7.0,0.09,0.0,0.09,0.09,0.09,0.05,0.06,0.11,0.05,0.11,Arsenal
Gabriel Magalhães,br BRA,DF,26-338,,11,953.0,10.6,2.0,0.0,2.0,2.0,0.0,0.0,1.0,0.0,1.4,1.4,0.4,1.8,3.0,30.0,6.0,0.19,0.0,0.19,0.19,0.19,0.14,0.03,0.17,0.14,0.17,Arsenal
William Saliba,fr FRA,DF,23-242,,10,839.0,9.3,0.0,0.0,0.0,0.0,0.0,0.0,2.0,1.0,0.0,0.0,0.5,0.5,5.0,26.0,2.0,0.0,0.0,0.0,0.0,0.0,0.0,0.05,0.05,0.0,0.05,Arsenal
Declan Rice,eng ENG,MF,25-312,,10,832.0,9.2,0.0,1.0,1.0,0.0,0.0,0.0,4.0,1.0,0.7,0.7,1.4,2.1,24.0,60.0,31.0,0.0,0.11,0.11,0.0,0.11,0.08,0.15,0.23,0.08,0.23,Arsenal
Bukayo Saka,eng ENG,"MF,FW",23-077,,10,820.0,9.1,3.0,7.0,10.0,3.0,0.0,0.0,1.0,0.0,2.5,2.5,3.8,6.3,39.0,33.0,108.0,0.33,0.77,1.1,0.33,1.1,0.27,0.42,0.69,0.27,0.69,Arsenal
Jurriën Timber,nl NED,DF,23-157,,8,683.0,7.6,0.0,1.0,1.0,0.0,0.0,0.0,3.0,0.0,0.4,0.4,0.5,0.9,12.0,31.0,22.0,0.0,0.13,0.13,0.0,0.13,0.05,0.07,0.11,0.05,0.11,Arsenal
Gabriel Martinelli,br BRA,"MF,FW",23-156,,8,682.0,7.6,3.0,2.0,5.0,3.0,0.0,0.0,0.0,0.0,2.1,2.1,1.7,3.8,39.0,15.0,89.0,0.4,0.26,0.66,0.4,0.66,0.27,0.23,0.5,0.27,0.5,Arsenal
Ben White,eng ENG,DF,27-044,,7,695.0,7.7,0.0,1.0,1.0,0.0,0.0,0.0,2.0,0.0,0.1,0.1,0.4,0.6,4.0,30.0,15.0,0.0,0.13,0.13,0.0,0.13,0.02,0.06,0.07,0.02,0.07,Arsenal
Leandro Trossard,be BEL,FW,29-353,,7,580.0,6.4,2.0,0.0,2.0,2.0,0.0,0.0,2.0,1.0,2.0,2.0,0.8,2.8,16.0,27.0,32.0,0.31,0.0,0.31,0.31,0.31,0.31,0.12,0.43,0.31,0.43,Arsenal
Riccardo Calafiori,it ITA,DF,22-186,,4,386.0,4.3,1.0,0.0,1.0,1.0,0.0,0.0,1.0,0.0,0.5,0.5,0.1,0.6,3.0,18.0,9.0,0.23,0.0,0.23,0.23,0.23,0.12,0.02,0.14,0.12,0.14,Arsenal
Martin Ødegaard,no NOR,MF,25-340,,4,343.0,3.8,0.0,1.0,1.0,0.0,0.0,0.0,1.0,0.0,0.6,0.6,0.7,1.2,10.0,29.0,13.0,0.0,0.26,0.26,0.0,0.26,0.15,0.18,0.32,0.15,0.32,Arsenal
Mikel Merino,es ESP,"MF,FW",28-152,,3,280.0,3.1,1.0,0.0,1.0,1.0,0.0,0.0,1.0,0.0,1.0,1.0,0.5,1.5,2.0,19.0,16.0,0.32,0.0,0.32,0.32,0.32,0.33,0.15,0.48,0.33,0.48,Arsenal
Jorginho,it ITA,MF,32-337,,2,155.0,1.7,0.0,0.0,0.0,0.0,0.0,0.0,2.0,0.0,0.0,0.0,0.0,0.1,2.0,9.0,0.0,0.0,0.0,0.0,0.0,0.0,0.02,0.02,0.04,0.02,0.04,Arsenal
Raheem Sterling,eng ENG,"MF,FW",29-349,,2,123.0,1.4,0.0,0.0,0.0,0.0,0.0,0.0,0.0,0.0,0.3,0.3,0.0,0.4,9.0,3.0,12.0,0.0,0.0,0.0,0.0,0.0,0.24,0.03,0.28,0.24,0.28,Arsenal
Gabriel Jesus,br BRA,"FW,MF",27-232,,1,127.0,1.4,0.0,0.0,0.0,0.0,0.0,0.0,3.0,0.0,0.6,0.6,0.4,1.0,7.0,2.0,14.0,0.0,0.0,0.0,0.0,0.0,0.41,0.28,0.69,0.41,0.69,Arsenal
Oleksandr Zinchenko,ua UKR,"DF,MF",27-342,,1,109.0,1.2,0.0,0.0,0.0,0.0,0.0,0.0,0.0,0.0,0.0,0.0,0.0,0.0,1.0,13.0,3.0,0.0,0.0,0.0,0.0,0.0,0.0,0.0,0.0,0.0,0.0,Arsenal
Jakub Kiwior,pl POL,DF,24-280,,0,99.0,1.1,0.0,0.0,0.0,0.0,0.0,0.0,0.0,0.0,0.0,0.0,0.0,0.0,0.0,1.0,0.0,0.0,0.0,0.0,0.0,0.0,0.0,0.0,0.0,0.0,0.0,Arsenal
Ethan Nwaneri,eng ENG,"MF,FW",17-245,,0,57.0,0.6,0.0,0.0,0.0,0.0,0.0,0.0,0.0,0.0,0.1,0.1,0.1,0.2,4.0,2.0,5.0,0.0,0.0,0.0,0.0,0.0,0.09,0.17,0.25,0.09,0.25,Arsenal
Myles Lewis-Skelly,eng ENG,DF,18-056,,0,16.0,0.2,0.0,0.0,0.0,0.0,0.0,0.0,1.0,0.0,0.0,0.0,0.0,0.0,1.0,2.0,1.0,0.0,0.0,0.0,0.0,0.0,0.0,0.0,0.0,0.0,0.0,Arsenal
Takehiro Tomiyasu,jp JPN,DF,26-016,,0,7.0,0.1,0.0,0.0,0.0,0.0,0.0,0.0,0.0,0.0,0.2,0.2,0.0,0.2,0.0,1.0,0.0,0.0,0.0,0.0,0.0,0.0,2.37,0.0,2.37,2.37,2.37,Arsenal
Reiss Nelson,eng ENG,FW,24-347,,0,3.0,0.0,0.0,0.0,0.0,0.0,0.0,0.0,0.0,0.0,0.0,0.0,0.0,0.0,0.0,0.0,0.0,0.0,0.0,0.0,0.0,0.0,0.0,0.0,0.0,0.0,0.0,Arsenal
Nathan Butler-Oyedeji,eng ENG,FW,21-322,,0,,,,,,,,,,,,,,,,,,,,,,,,,,,,Arsenal
Ayden Heaven,eng ENG,MF,18-060,,0,,,,,,,,,,,,,,,,,,,,,,,,,,,,Arsenal
Ismeal Kabia,eng ENG,MF,18-347,,0,,,,,,,,,,,,,,,,,,,,,,,,,,,,Arsenal
Maldini Kacurri,al ALB,DF,19-048,,0,,,,,,,,,,,,,,,,,,,,,,,,,,,,Arsenal
Neto,br BRA,GK,35-125,,0,,,,,,,,,,,,,,,,,,,,,,,,,,,,Arsenal
Josh Nichols,eng ENG,DF,18-118,,0,,,,,,,,,,,,,,,,,,,,,,,,,,,,Arsenal
Eddie Nketiah,eng ENG,FW,25-175,,0,,,,,,,,,,,,,,,,,,,,,,,,,,,,Arsenal
Salah Oulad M'Hand,nl NED,MF,21-093,,0,,,,,,,,,,,,,,,,,,,,,,,,,,,,Arsenal
Aaron Ramsdale,eng ENG,GK,26-191,,0,,,,,,,,,,,,,,,,,,,,,,,,,,,,Arsenal
Tommy Setford,eng ENG,GK,18-253,,0,,,,,,,,,,,,,,,,,,,,,,,,,,,,Arsenal
Squad Total,,,26.4,,121,990.0,11.0,17.0,14.0,31.0,17.0,0.0,0.0,30.0,3.0,17.0,17.0,12.9,29.9,205.0,452.0,445.0,1.55,1.27,2.82,1.55,2.82,1.55,1.17,2.72,1.55,2.72,Arsenal
Opponent Total,,,26.2,,121,990.0,11.0,12.0,9.0,21.0,11.0,1.0,1.0,31.0,0.0,11.9,11.1,8.1,19.3,236.0,344.0,342.0,1.09,0.82,1.91,1.0,1.82,1.09,0.74,1.83,1.01,1.75,Arsenal
Murillo,br BRA,DF,22-140,,11,990.0,11.0,1.0,0.0,1.0,1.0,0.0,0.0,1.0,0.0,0.5,0.5,0.8,1.3,9.0,34.0,2.0,0.09,0.0,0.09,0.09,0.09,0.04,0.07,0.12,0.04,0.12,Nottingham-Forest
Matz Sels,be BEL,GK,32-269,,11,990.0,11.0,0.0,0.0,0.0,0.0,0.0,0.0,2.0,0.0,0.0,0.0,0.0,0.0,0.0,1.0,0.0,0.0,0.0,0.0,0.0,0.0,0.0,0.0,0.0,0.0,0.0,Nottingham-Forest
Ola Aina,ng NGA,DF,28-044,,11,951.0,10.6,1.0,0.0,1.0,1.0,0.0,0.0,1.0,0.0,0.1,0.1,0.4,0.5,25.0,47.0,19.0,0.09,0.0,0.09,0.09,0.09,0.01,0.03,0.05,0.01,0.05,Nottingham-Forest
Chris Wood,nz NZL,FW,32-350,,11,889.0,9.9,8.0,0.0,8.0,7.0,1.0,1.0,1.0,0.0,4.5,3.7,1.0,4.7,6.0,10.0,27.0,0.81,0.0,0.81,0.71,0.71,0.46,0.1,0.55,0.38,0.47,Nottingham-Forest
Nikola Milenković,rs SRB,DF,27-040,,10,900.0,10.0,0.0,1.0,1.0,0.0,0.0,0.0,1.0,0.0,1.6,1.6,0.2,1.9,2.0,16.0,1.0,0.0,0.1,0.1,0.0,0.1,0.16,0.02,0.19,0.16,0.19,Nottingham-Forest
Callum Hudson-Odoi,eng ENG,FW,24-014,,9,785.0,8.7,2.0,0.0,2.0,2.0,0.0,0.0,1.0,0.0,1.0,1.0,1.0,2.0,49.0,24.0,75.0,0.23,0.0,0.23,0.23,0.23,0.11,0.12,0.23,0.11,0.23,Nottingham-Forest
Anthony Elanga,se SWE,FW,22-208,,8,647.0,7.2,0.0,2.0,2.0,0.0,0.0,0.0,1.0,0.0,0.7,0.7,1.1,1.8,22.0,15.0,48.0,0.0,0.28,0.28,0.0,0.28,0.1,0.15,0.25,0.1,0.25,Nottingham-Forest
Elliot Anderson,eng ENG,"MF,FW",22-015,,8,629.0,7.0,0.0,3.0,3.0,0.0,0.0,0.0,3.0,0.0,0.8,0.8,1.6,2.4,17.0,31.0,31.0,0.0,0.43,0.43,0.0,0.43,0.11,0.23,0.34,0.11,0.34,Nottingham-Forest
Morgan Gibbs-White,eng ENG,MF,24-299,,8,626.0,7.0,1.0,0.0,1.0,1.0,0.0,0.0,3.0,1.0,1.1,1.1,1.0,2.1,16.0,35.0,29.0,0.14,0.0,0.14,0.14,0.14,0.16,0.14,0.3,0.16,0.3,Nottingham-Forest
Álex Moreno,es ESP,DF,31-166,,8,613.0,6.8,0.0,1.0,1.0,0.0,0.0,0.0,2.0,0.0,0.1,0.1,1.0,1.1,16.0,26.0,20.0,0.0,0.15,0.15,0.0,0.15,0.02,0.14,0.16,0.02,0.16,Nottingham-Forest
Ryan Yates,eng ENG,MF,27-000,,7,809.0,9.0,1.0,0.0,1.0,1.0,0.0,0.0,3.0,0.0,1.3,1.3,0.7,2.0,11.0,23.0,8.0,0.11,0.0,0.11,0.11,0.11,0.14,0.08,0.22,0.14,0.22,Nottingham-Forest
Nicolás Domínguez,ar ARG,"MF,FW",26-146,,6,520.0,5.8,0.0,0.0,0.0,0.0,0.0,0.0,3.0,0.0,0.7,0.7,0.0,0.8,7.0,24.0,7.0,0.0,0.0,0.0,0.0,0.0,0.12,0.01,0.13,0.12,0.13,Nottingham-Forest
James Ward-Prowse,eng ENG,MF,30-020,,4,289.0,3.2,0.0,0.0,0.0,0.0,0.0,0.0,2.0,1.0,0.1,0.1,0.0,0.1,1.0,12.0,1.0,0.0,0.0,0.0,0.0,0.0,0.02,0.01,0.02,0.02,0.02,Nottingham-Forest
Neco Williams,wls WAL,DF,23-222,,3,374.0,4.2,0.0,0.0,0.0,0.0,0.0,0.0,3.0,0.0,0.6,0.6,0.3,0.9,10.0,7.0,18.0,0.0,0.0,0.0,0.0,0.0,0.14,0.06,0.21,0.14,0.21,Nottingham-Forest
Ibrahim Sangaré,ci CIV,MF,26-355,,3,212.0,2.4,0.0,0.0,0.0,0.0,0.0,0.0,2.0,0.0,0.0,0.0,0.0,0.0,0.0,8.0,2.0,0.0,0.0,0.0,0.0,0.0,0.01,0.01,0.01,0.01,0.01,Nottingham-Forest
Taiwo Awoniyi,ng NGA,FW,27-101,,1,112.0,1.2,0.0,0.0,0.0,0.0,0.0,0.0,0.0,0.0,0.4,0.4,0.0,0.4,3.0,1.0,8.0,0.0,0.0,0.0,0.0,0.0,0.35,0.0,0.35,0.35,0.35,Nottingham-Forest
Willy Boly,ci CIV,DF,33-292,,1,91.0,1.0,0.0,0.0,0.0,0.0,0.0,0.0,0.0,0.0,0.1,0.1,0.0,0.1,0.0,2.0,0.0,0.0,0.0,0.0,0.0,0.0,0.07,0.0,0.07,0.07,0.07,Nottingham-Forest
Danilo,br BRA,MF,23-206,,1,14.0,0.2,0.0,0.0,0.0,0.0,0.0,0.0,0.0,0.0,0.0,0.0,0.0,0.0,0.0,0.0,0.0,0.0,0.0,0.0,0.0,0.0,0.0,0.0,0.0,0.0,0.0,Nottingham-Forest
Jota Silva,pt POR,"FW,MF",25-112,,0,219.0,2.4,0.0,1.0,1.0,0.0,0.0,0.0,1.0,0.0,0.3,0.3,0.7,1.0,11.0,7.0,15.0,0.0,0.41,0.41,0.0,0.41,0.1,0.31,0.41,0.1,0.41,Nottingham-Forest
Ramón Sosa,py PAR,"MF,FW",25-082,,0,100.0,1.1,1.0,0.0,1.0,1.0,0.0,0.0,0.0,0.0,0.7,0.7,0.3,1.0,6.0,4.0,10.0,0.9,0.0,0.9,0.9,0.9,0.62,0.26,0.89,0.62,0.89,Nottingham-Forest
Morato,br BRA,DF,23-144,,0,70.0,0.8,0.0,0.0,0.0,0.0,0.0,0.0,0.0,0.0,0.0,0.0,0.0,0.0,0.0,1.0,0.0,0.0,0.0,0.0,0.0,0.0,0.0,0.0,0.0,0.0,0.0,Nottingham-Forest
Harry Toffolo,eng ENG,DF,29-094,,0,37.0,0.4,0.0,0.0,0.0,0.0,0.0,0.0,0.0,0.0,0.0,0.0,0.0,0.0,0.0,1.0,4.0,0.0,0.0,0.0,0.0,0.0,0.04,0.0,0.04,0.04,0.04,Nottingham-Forest
Eric da Silva Moreira,de GER,DF,18-202,,0,2.0,0.0,0.0,0.0,0.0,0.0,0.0,0.0,0.0,0.0,0.0,0.0,0.0,0.0,0.0,0.0,0.0,0.0,0.0,0.0,0.0,0.0,0.0,0.0,0.0,0.0,0.0,Nottingham-Forest
Carlos Miguel,br BRA,GK,26-043,,0,,,,,,,,,,,,,,,,,,,,,,,,,,,,Nottingham-Forest
Andrew Omobamidele,ie IRL,DF,22-151,,0,,,,,,,,,,,,,,,,,,,,,,,,,,,,Nottingham-Forest
Squad Total,,,27.0,,121,990.0,11.0,15.0,8.0,23.0,14.0,1.0,1.0,30.0,2.0,14.2,13.4,10.0,23.3,211.0,329.0,325.0,1.36,0.73,2.09,1.27,2.0,1.29,0.91,2.19,1.22,2.12,Nottingham-Forest
Opponent Total,,,26.9,,121,990.0,11.0,10.0,6.0,16.0,9.0,1.0,1.0,40.0,1.0,11.2,10.4,8.0,18.3,283.0,546.0,544.0,0.91,0.55,1.45,0.82,1.36,1.01,0.72,1.74,0.94,1.67,Nottingham-Forest
Danny Welbeck,eng ENG,FW,33-361,,11,929.0,10.3,6.0,2.0,8.0,6.0,0.0,0.0,1.0,0.0,5.1,5.1,0.5,5.6,8.0,23.0,41.0,0.58,0.19,0.78,0.58,0.78,0.49,0.05,0.54,0.49,0.54,Brighton-and-Hove-Albion
Kaoru Mitoma,jp JPN,"FW,MF",27-185,,10,915.0,10.2,1.0,2.0,3.0,1.0,0.0,0.0,0.0,0.0,2.6,2.6,2.7,5.2,59.0,33.0,118.0,0.1,0.2,0.3,0.1,0.3,0.25,0.26,0.52,0.25,0.52,Brighton-and-Hove-Albion
Joël Veltman,nl NED,DF,32-311,,10,866.0,9.6,0.0,0.0,0.0,0.0,0.0,0.0,1.0,0.0,0.1,0.1,0.3,0.3,18.0,33.0,17.0,0.0,0.0,0.0,0.0,0.0,0.01,0.03,0.03,0.01,0.03,Brighton-and-Hove-Albion
Jack Hinshelwood,eng ENG,"MF,DF",19-224,,10,840.0,9.3,1.0,0.0,1.0,1.0,0.0,0.0,2.0,0.0,0.7,0.7,0.3,1.0,10.0,31.0,27.0,0.11,0.0,0.11,0.11,0.11,0.08,0.03,0.11,0.08,0.11,Brighton-and-Hove-Albion
Bart Verbruggen,nl NED,GK,22-095,,9,810.0,9.0,0.0,0.0,0.0,0.0,0.0,0.0,2.0,0.0,0.0,0.0,0.0,0.0,0.0,0.0,0.0,0.0,0.0,0.0,0.0,0.0,0.0,0.0,0.0,0.0,0.0,Brighton-and-Hove-Albion
Jan Paul van Hecke,nl NED,DF,24-166,,8,729.0,8.1,0.0,1.0,1.0,0.0,0.0,0.0,2.0,0.0,0.1,0.1,0.4,0.5,9.0,67.0,0.0,0.0,0.12,0.12,0.0,0.12,0.01,0.06,0.07,0.01,0.07,Brighton-and-Hove-Albion
Lewis Dunk,eng ENG,DF,33-000,,8,705.0,7.8,0.0,0.0,0.0,0.0,0.0,0.0,2.0,0.0,0.2,0.2,0.4,0.7,8.0,56.0,1.0,0.0,0.0,0.0,0.0,0.0,0.03,0.05,0.09,0.03,0.09,Brighton-and-Hove-Albion
Georginio Rutter,fr FRA,"FW,MF",22-215,,8,603.0,6.7,2.0,2.0,4.0,2.0,0.0,0.0,1.0,0.0,2.0,2.0,1.3,3.3,15.0,36.0,38.0,0.3,0.3,0.6,0.3,0.6,0.3,0.2,0.49,0.3,0.49,Brighton-and-Hove-Albion
Carlos Baleba,cm CMR,MF,20-323,,7,617.0,6.9,1.0,1.0,2.0,1.0,0.0,0.0,1.0,0.0,0.9,0.9,0.5,1.4,9.0,37.0,4.0,0.15,0.15,0.29,0.15,0.29,0.13,0.07,0.21,0.13,0.21,Brighton-and-Hove-Albion
Pervis Estupiñán,ec ECU,DF,26-305,,5,524.0,5.8,0.0,0.0,0.0,0.0,0.0,0.0,2.0,0.0,0.2,0.2,0.8,1.0,15.0,32.0,36.0,0.0,0.0,0.0,0.0,0.0,0.04,0.13,0.17,0.04,0.17,Brighton-and-Hove-Albion
Yasin Ayari,se SWE,MF,21-046,,5,492.0,5.5,0.0,0.0,0.0,0.0,0.0,0.0,2.0,0.0,0.6,0.6,0.8,1.4,9.0,20.0,27.0,0.0,0.0,0.0,0.0,0.0,0.11,0.14,0.25,0.11,0.25,Brighton-and-Hove-Albion
Yankuba Minteh,gm GAM,"FW,MF",20-122,,5,406.0,4.5,1.0,1.0,2.0,1.0,0.0,0.0,2.0,0.0,0.8,0.8,1.5,2.3,17.0,12.0,54.0,0.22,0.22,0.44,0.22,0.44,0.18,0.34,0.52,0.18,0.52,Brighton-and-Hove-Albion
Ferdi Kadioglu,tr TUR,"DF,MF",25-045,,5,385.0,4.3,1.0,0.0,1.0,1.0,0.0,0.0,1.0,0.0,0.4,0.4,0.2,0.6,1.0,15.0,27.0,0.23,0.0,0.23,0.23,0.23,0.1,0.04,0.14,0.1,0.14,Brighton-and-Hove-Albion
Igor,br BRA,DF,26-288,,4,476.0,5.3,0.0,0.0,0.0,0.0,0.0,0.0,3.0,0.0,0.0,0.0,0.0,0.0,7.0,20.0,0.0,0.0,0.0,0.0,0.0,0.0,0.01,0.0,0.01,0.01,0.01,Brighton-and-Hove-Albion
João Pedro,br BRA,"MF,FW",23-056,,3,307.0,3.4,3.0,1.0,4.0,3.0,0.0,0.0,1.0,0.0,1.4,1.4,0.7,2.1,15.0,16.0,17.0,0.88,0.29,1.17,0.88,1.17,0.4,0.22,0.62,0.4,0.62,Brighton-and-Hove-Albion
James Milner,eng ENG,MF,38-322,,3,169.0,1.9,0.0,0.0,0.0,0.0,0.0,0.0,1.0,0.0,0.2,0.2,0.2,0.4,1.0,10.0,10.0,0.0,0.0,0.0,0.0,0.0,0.09,0.12,0.21,0.09,0.21,Brighton-and-Hove-Albion
Mats Wieffer,nl NED,MF,25-005,,2,237.0,2.6,0.0,1.0,1.0,0.0,0.0,0.0,0.0,0.0,0.2,0.2,0.1,0.3,4.0,18.0,4.0,0.0,0.38,0.38,0.0,0.38,0.06,0.05,0.12,0.06,0.12,Brighton-and-Hove-Albion
Simon Adingra,ci CIV,"FW,MF",22-325,,2,205.0,2.3,1.0,1.0,2.0,1.0,0.0,0.0,0.0,0.0,0.3,0.3,0.5,0.8,7.0,4.0,44.0,0.44,0.44,0.88,0.44,0.88,0.14,0.21,0.35,0.14,0.35,Brighton-and-Hove-Albion
Jason Steele,eng ENG,GK,34-095,,2,180.0,2.0,0.0,0.0,0.0,0.0,0.0,0.0,0.0,0.0,0.0,0.0,0.0,0.0,0.0,0.0,0.0,0.0,0.0,0.0,0.0,0.0,0.0,0.0,0.0,0.0,0.0,Brighton-and-Hove-Albion
Adam Webster,eng ENG,DF,29-322,,2,79.0,0.9,0.0,0.0,0.0,0.0,0.0,0.0,0.0,0.0,0.0,0.0,0.0,0.0,0.0,10.0,1.0,0.0,0.0,0.0,0.0,0.0,0.0,0.0,0.0,0.0,0.0,Brighton-and-Hove-Albion
Evan Ferguson,ie IRL,FW,20-033,,1,105.0,1.2,1.0,0.0,1.0,1.0,0.0,0.0,0.0,0.0,0.2,0.2,0.0,0.2,1.0,1.0,3.0,0.86,0.0,0.86,0.86,0.86,0.13,0.0,0.13,0.13,0.13,Brighton-and-Hove-Albion
Billy Gilmour,sct SCO,MF,23-163,,1,98.0,1.1,0.0,0.0,0.0,0.0,0.0,0.0,0.0,0.0,0.1,0.1,0.0,0.1,2.0,11.0,2.0,0.0,0.0,0.0,0.0,0.0,0.07,0.0,0.07,0.07,0.07,Brighton-and-Hove-Albion
Julio Enciso,py PAR,"MF,FW",20-303,,0,91.0,1.0,0.0,0.0,0.0,0.0,0.0,0.0,0.0,0.0,0.2,0.2,0.2,0.4,4.0,5.0,7.0,0.0,0.0,0.0,0.0,0.0,0.17,0.2,0.37,0.17,0.37,Brighton-and-Hove-Albion
Brajan Gruda,de GER,MF,20-174,,0,63.0,0.7,0.0,0.0,0.0,0.0,0.0,0.0,0.0,0.0,0.0,0.0,0.1,0.1,3.0,0.0,6.0,0.0,0.0,0.0,0.0,0.0,0.0,0.16,0.16,0.0,0.16,Brighton-and-Hove-Albion
Matt O'Riley,dk DEN,MF,24-000,,0,34.0,0.4,1.0,0.0,1.0,1.0,0.0,0.0,0.0,0.0,0.5,0.5,0.0,0.5,0.0,0.0,2.0,2.65,0.0,2.65,2.65,2.65,1.37,0.0,1.37,1.37,1.37,Brighton-and-Hove-Albion
Tariq Lamptey,gh GHA,DF,24-052,,0,11.0,0.1,0.0,1.0,1.0,0.0,0.0,0.0,0.0,0.0,0.0,0.0,0.1,0.1,1.0,0.0,1.0,0.0,8.18,8.18,0.0,8.18,0.0,0.62,0.62,0.0,0.62,Brighton-and-Hove-Albion
Jeremy Sarmiento,ec ECU,MF,22-158,,0,9.0,0.1,0.0,0.0,0.0,0.0,0.0,0.0,0.0,0.0,0.0,0.0,0.0,0.0,0.0,0.0,2.0,0.0,0.0,0.0,0.0,0.0,0.0,0.0,0.0,0.0,0.0,Brighton-and-Hove-Albion
Jakub Moder,pl POL,MF,25-228,,0,5.0,0.1,0.0,0.0,0.0,0.0,0.0,0.0,0.0,0.0,0.0,0.0,0.0,0.0,2.0,3.0,0.0,0.0,0.0,0.0,0.0,0.0,0.0,0.12,0.12,0.0,0.12,Brighton-and-Hove-Albion
Valentín Barco,ar ARG,DF,20-121,,0,,,,,,,,,,,,,,,,,,,,,,,,,,,,Brighton-and-Hove-Albion
Killian Cahill,ie IRL,GK,21-018,,0,,,,,,,,,,,,,,,,,,,,,,,,,,,,Brighton-and-Hove-Albion
Mark O'Mahony,ie IRL,FW,19-312,,0,,,,,,,,,,,,,,,,,,,,,,,,,,,,Brighton-and-Hove-Albion
Carl Rushworth,eng ENG,GK,23-142,,0,,,,,,,,,,,,,,,,,,,,,,,,,,,,Brighton-and-Hove-Albion
Imari Samuels,eng ENG,DF,21-290,,0,,,,,,,,,,,,,,,,,,,,,,,,,,,,Brighton-and-Hove-Albion
Squad Total,,,26.1,,121,990.0,11.0,19.0,13.0,32.0,19.0,0.0,0.0,24.0,0.0,16.4,16.4,11.6,28.0,225.0,493.0,489.0,1.73,1.18,2.91,1.73,2.91,1.49,1.05,2.54,1.49,2.54,Brighton-and-Hove-Albion
Opponent Total,,,26.6,,121,990.0,11.0,15.0,10.0,25.0,13.0,2.0,2.0,31.0,3.0,18.4,16.8,14.9,31.7,180.0,359.0,355.0,1.36,0.91,2.27,1.18,2.09,1.67,1.36,3.03,1.53,2.88,Brighton-and-Hove-Albion
Calvin Bassey,ng NGA,DF,24-326,11.0,11,990.0,11.0,0.0,0.0,0.0,0.0,0.0,0.0,3.0,0.0,0.2,0.2,0.0,0.2,7.0,30.0,4.0,0.0,0.0,0.0,0.0,0.0,0.02,0.0,0.02,0.02,0.02,Fulham
Bernd Leno,de GER,GK,32-262,11.0,11,990.0,11.0,0.0,1.0,1.0,0.0,0.0,0.0,2.0,0.0,0.0,0.0,0.1,0.1,0.0,0.0,0.0,0.0,0.09,0.09,0.0,0.09,0.0,0.01,0.01,0.0,0.01,Fulham
Antonee Robinson,us USA,DF,27-105,11.0,11,990.0,11.0,0.0,3.0,3.0,0.0,0.0,0.0,1.0,0.0,0.2,0.2,0.9,1.1,28.0,36.0,77.0,0.0,0.27,0.27,0.0,0.27,0.02,0.08,0.1,0.02,0.1,Fulham
Kenny Tete,nl NED,DF,29-043,11.0,11,958.0,10.6,0.0,0.0,0.0,0.0,0.0,0.0,2.0,0.0,0.9,0.9,0.3,1.3,30.0,31.0,34.0,0.0,0.0,0.0,0.0,0.0,0.09,0.03,0.12,0.09,0.12,Fulham
Alex Iwobi,ng NGA,FW,28-202,11.0,11,944.0,10.5,2.0,2.0,4.0,2.0,0.0,0.0,1.0,0.0,1.1,1.1,3.2,4.3,40.0,73.0,87.0,0.19,0.19,0.38,0.19,0.38,0.11,0.31,0.41,0.11,0.41,Fulham
Andreas Pereira,br BRA,MF,28-325,11.0,11,834.0,9.3,1.0,0.0,1.0,1.0,0.0,1.0,2.0,0.0,2.5,1.7,1.8,3.5,6.0,52.0,35.0,0.11,0.0,0.11,0.11,0.11,0.27,0.19,0.46,0.19,0.37,Fulham
Emile Smith Rowe,eng ENG,MF,24-116,11.0,10,796.0,8.8,3.0,2.0,5.0,3.0,0.0,0.0,1.0,0.0,2.2,2.2,0.8,2.9,30.0,59.0,51.0,0.34,0.23,0.57,0.34,0.57,0.25,0.09,0.33,0.25,0.33,Fulham
Adama Traoré,es ESP,"FW,MF",28-301,11.0,9,718.0,8.0,1.0,3.0,4.0,1.0,0.0,0.0,2.0,0.0,2.8,2.8,2.2,5.0,42.0,26.0,60.0,0.13,0.38,0.5,0.13,0.5,0.35,0.28,0.62,0.35,0.62,Fulham
Raúl Jiménez,mx MEX,FW,33-200,11.0,8,664.0,7.4,4.0,2.0,6.0,3.0,1.0,1.0,0.0,0.0,3.6,2.8,2.2,4.9,5.0,17.0,31.0,0.54,0.27,0.81,0.41,0.68,0.48,0.29,0.78,0.38,0.67,Fulham
Joachim Andersen,dk DEN,DF,28-174,7.0,7,603.0,6.7,0.0,0.0,0.0,0.0,0.0,0.0,0.0,1.0,0.2,0.2,0.2,0.5,3.0,27.0,0.0,0.0,0.0,0.0,0.0,0.0,0.04,0.03,0.07,0.04,0.07,Fulham
Saša Lukić,rs SRB,MF,28-100,7.0,7,547.0,6.1,0.0,0.0,0.0,0.0,0.0,0.0,4.0,0.0,0.0,0.0,0.3,0.3,4.0,28.0,1.0,0.0,0.0,0.0,0.0,0.0,0.0,0.05,0.05,0.0,0.05,Fulham
Sander Berge,no NOR,MF,26-281,9.0,5,524.0,5.8,0.0,0.0,0.0,0.0,0.0,0.0,0.0,0.0,0.0,0.0,0.3,0.3,4.0,27.0,0.0,0.0,0.0,0.0,0.0,0.0,0.0,0.05,0.05,0.0,0.05,Fulham
Issa Diop,fr FRA,DF,27-317,7.0,4,393.0,4.4,0.0,0.0,0.0,0.0,0.0,0.0,1.0,0.0,0.3,0.3,0.1,0.3,0.0,12.0,1.0,0.0,0.0,0.0,0.0,0.0,0.06,0.02,0.08,0.06,0.08,Fulham
Rodrigo Muniz,br BRA,FW,23-201,10.0,3,326.0,3.6,1.0,1.0,2.0,1.0,0.0,0.0,1.0,0.0,1.4,1.4,0.5,2.0,2.0,8.0,14.0,0.28,0.28,0.55,0.28,0.55,0.39,0.15,0.54,0.39,0.54,Fulham
Reiss Nelson,eng ENG,FW,24-347,8.0,2,286.0,3.2,1.0,1.0,2.0,1.0,0.0,0.0,1.0,0.0,0.9,0.9,0.7,1.6,31.0,19.0,43.0,0.31,0.31,0.63,0.31,0.63,0.29,0.21,0.5,0.29,0.5,Fulham
Tom Cairney,sct SCO,MF,33-306,8.0,0,125.0,1.4,0.0,0.0,0.0,0.0,0.0,0.0,2.0,0.0,0.0,0.0,0.5,0.5,4.0,16.0,8.0,0.0,0.0,0.0,0.0,0.0,0.0,0.34,0.34,0.0,0.34,Fulham
Harry Wilson,wls WAL,"FW,MF",27-244,7.0,0,80.0,0.9,3.0,0.0,3.0,3.0,0.0,0.0,2.0,0.0,0.7,0.7,0.0,0.7,3.0,5.0,12.0,3.38,0.0,3.38,3.38,3.38,0.79,0.0,0.79,0.79,0.79,Fulham
Harrison Reed,eng ENG,MF,29-299,8.0,0,61.0,0.7,0.0,0.0,0.0,0.0,0.0,0.0,2.0,0.0,0.0,0.0,0.1,0.1,1.0,3.0,7.0,0.0,0.0,0.0,0.0,0.0,0.02,0.11,0.13,0.02,0.13,Fulham
Timothy Castagne,be BEL,DF,28-352,2.0,0,32.0,0.4,0.0,0.0,0.0,0.0,0.0,0.0,0.0,0.0,0.1,0.1,0.0,0.1,0.0,1.0,3.0,0.0,0.0,0.0,0.0,0.0,0.15,0.0,0.15,0.15,0.15,Fulham
Jorge Cuenca,es ESP,DF,25-004,1.0,0,1.0,0.0,0.0,0.0,0.0,0.0,0.0,0.0,0.0,0.0,0.0,0.0,0.0,0.0,0.0,1.0,0.0,0.0,0.0,0.0,0.0,0.0,0.0,0.0,0.0,0.0,0.0,Fulham
Jay Stansfield,eng ENG,MF,21-363,1.0,0,1.0,0.0,0.0,0.0,0.0,0.0,0.0,0.0,0.0,0.0,0.0,0.0,0.0,0.0,0.0,0.0,0.0,0.0,0.0,0.0,0.0,0.0,0.0,0.0,0.0,0.0,0.0,Fulham
Steven Benda,de GER,GK,26-051,0.0,0,,,,,,,,,,,,,,,,,,,,,,,,,,,,Fulham
Joshua King,eng ENG,MF,17-323,0.0,0,,,,,,,,,,,,,,,,,,,,,,,,,,,,Fulham
Ryan Sessegnon,eng ENG,"DF,FW",24-187,0.0,0,,,,,,,,,,,,,,,,,,,,,,,,,,,,Fulham
Squad Total,,,28.3,11.0,121,990.0,11.0,16.0,15.0,31.0,15.0,1.0,2.0,27.0,1.0,17.0,15.4,13.9,29.3,240.0,471.0,468.0,1.45,1.36,2.82,1.36,2.73,1.54,1.27,2.81,1.4,2.66,Fulham
Opponent Total,,,27.5,11.0,121,990.0,11.0,12.0,11.0,23.0,12.0,0.0,0.0,21.0,2.0,12.7,12.7,10.0,22.7,169.0,383.0,379.0,1.09,1.0,2.09,1.09,2.09,1.15,0.91,2.06,1.15,2.06,Fulham
Dan Burn,eng ENG,DF,32-196,11.0,11,990.0,11.0,0.0,0.0,0.0,0.0,0.0,0.0,5.0,0.0,0.5,0.5,0.2,0.7,0.0,14.0,3.0,0.0,0.0,0.0,0.0,0.0,0.05,0.02,0.07,0.05,0.07,Newcastle-United
Nick Pope,eng ENG,GK,32-216,11.0,11,990.0,11.0,0.0,0.0,0.0,0.0,0.0,0.0,1.0,0.0,0.0,0.0,0.0,0.0,0.0,0.0,0.0,0.0,0.0,0.0,0.0,0.0,0.0,0.0,0.0,0.0,0.0,Newcastle-United
Bruno Guimarães,br BRA,MF,27-005,11.0,11,979.0,10.9,0.0,1.0,1.0,0.0,0.0,0.0,2.0,0.0,0.7,0.7,0.8,1.5,15.0,71.0,12.0,0.0,0.09,0.09,0.0,0.09,0.06,0.07,0.13,0.06,0.13,Newcastle-United
Joelinton,br BRA,"MF,FW",28-099,11.0,11,926.0,10.3,2.0,0.0,2.0,2.0,0.0,0.0,4.0,0.0,1.9,1.9,0.7,2.6,18.0,46.0,49.0,0.19,0.0,0.19,0.19,0.19,0.18,0.07,0.25,0.18,0.25,Newcastle-United
Anthony Gordon,eng ENG,FW,23-271,10.0,10,845.0,9.4,2.0,1.0,3.0,1.0,1.0,2.0,0.0,0.0,3.5,2.0,2.1,4.1,34.0,19.0,79.0,0.21,0.11,0.32,0.11,0.21,0.38,0.22,0.6,0.21,0.43,Newcastle-United
Alexander Isak,se SWE,FW,25-061,9.0,9,764.0,8.5,4.0,2.0,6.0,4.0,0.0,0.0,0.0,0.0,4.3,4.3,1.3,5.6,19.0,14.0,49.0,0.47,0.24,0.71,0.47,0.71,0.51,0.15,0.66,0.51,0.66,Newcastle-United
Fabian Schär,ch SUI,DF,32-337,9.0,9,747.0,8.3,1.0,0.0,1.0,1.0,0.0,0.0,4.0,1.0,0.8,0.8,0.2,1.0,5.0,36.0,9.0,0.12,0.0,0.12,0.12,0.12,0.1,0.02,0.12,0.1,0.12,Newcastle-United
Lewis Hall,eng ENG,DF,20-074,11.0,8,786.0,8.7,0.0,1.0,1.0,0.0,0.0,0.0,3.0,0.0,0.0,0.0,1.8,1.8,15.0,52.0,21.0,0.0,0.11,0.11,0.0,0.11,0.0,0.21,0.21,0.0,0.21,Newcastle-United
Valentino Livramento,eng ENG,DF,22-009,11.0,8,710.0,7.9,0.0,0.0,0.0,0.0,0.0,0.0,0.0,0.0,0.0,0.0,0.2,0.2,14.0,27.0,28.0,0.0,0.0,0.0,0.0,0.0,0.0,0.03,0.03,0.0,0.03,Newcastle-United
Sean Longstaff,eng ENG,MF,27-022,10.0,6,514.0,5.7,0.0,0.0,0.0,0.0,0.0,0.0,2.0,0.0,0.5,0.5,0.1,0.6,3.0,28.0,10.0,0.0,0.0,0.0,0.0,0.0,0.08,0.02,0.1,0.08,0.1,Newcastle-United
Jacob Murphy,eng ENG,FW,29-271,9.0,6,496.0,5.5,0.0,2.0,2.0,0.0,0.0,0.0,1.0,0.0,0.3,0.3,1.4,1.7,15.0,27.0,42.0,0.0,0.36,0.36,0.0,0.36,0.06,0.25,0.31,0.06,0.31,Newcastle-United
Harvey Barnes,eng ENG,FW,26-348,11.0,5,495.0,5.5,4.0,1.0,5.0,4.0,0.0,0.0,0.0,0.0,2.3,2.3,2.0,4.3,23.0,26.0,52.0,0.73,0.18,0.91,0.73,0.91,0.42,0.36,0.78,0.42,0.78,Newcastle-United
Sandro Tonali,it ITA,MF,24-197,9.0,4,410.0,4.6,0.0,1.0,1.0,0.0,0.0,0.0,3.0,0.0,0.7,0.7,0.3,1.0,4.0,15.0,12.0,0.0,0.22,0.22,0.0,0.22,0.16,0.06,0.22,0.16,0.22,Newcastle-United
Joe Willock,eng ENG,"MF,FW",25-093,9.0,3,329.0,3.7,0.0,1.0,1.0,0.0,0.0,0.0,1.0,0.0,0.3,0.3,1.1,1.4,14.0,18.0,31.0,0.0,0.27,0.27,0.0,0.27,0.08,0.31,0.39,0.08,0.39,Newcastle-United
Kieran Trippier,eng ENG,DF,34-063,5.0,3,280.0,3.1,0.0,0.0,0.0,0.0,0.0,0.0,0.0,0.0,0.0,0.0,0.2,0.2,5.0,19.0,12.0,0.0,0.0,0.0,0.0,0.0,0.01,0.06,0.07,0.01,0.07,Newcastle-United
Lloyd Kelly,eng ENG,DF,26-046,7.0,3,208.0,2.3,0.0,1.0,1.0,0.0,0.0,0.0,1.0,0.0,0.2,0.2,0.5,0.6,0.0,6.0,2.0,0.0,0.43,0.43,0.0,0.43,0.08,0.2,0.28,0.08,0.28,Newcastle-United
Emil Krafth,se SWE,DF,30-111,3.0,2,241.0,2.7,0.0,0.0,0.0,0.0,0.0,0.0,0.0,0.0,0.0,0.0,0.1,0.1,0.0,1.0,0.0,0.0,0.0,0.0,0.0,0.0,0.01,0.03,0.05,0.01,0.05,Newcastle-United
Miguel Almirón,py PAR,FW,30-285,5.0,1,105.0,1.2,0.0,0.0,0.0,0.0,0.0,0.0,0.0,0.0,0.4,0.4,0.2,0.5,1.0,5.0,10.0,0.0,0.0,0.0,0.0,0.0,0.31,0.15,0.46,0.31,0.46,Newcastle-United
William Osula,dk DEN,"FW,MF",21-109,4.0,0,12.0,0.1,0.0,0.0,0.0,0.0,0.0,0.0,0.0,0.0,0.0,0.0,0.0,0.0,1.0,0.0,3.0,0.0,0.0,0.0,0.0,0.0,0.0,0.0,0.0,0.0,0.0,Newcastle-United
Martin Dúbravka,sk SVK,GK,35-311,0.0,0,,,,,,,,,,,,,,,,,,,,,,,,,,,,Newcastle-United
Lewis Miley,eng ENG,MF,18-204,0.0,0,,,,,,,,,,,,,,,,,,,,,,,,,,,,Newcastle-United
Alex Murphy,ie IRL,DF,20-149,0.0,0,,,,,,,,,,,,,,,,,,,,,,,,,,,,Newcastle-United
John Ruddy,eng ENG,GK,38-028,0.0,0,,,,,,,,,,,,,,,,,,,,,,,,,,,,Newcastle-United
Matt Targett,eng ENG,"DF,MF",29-064,0.0,0,,,,,,,,,,,,,,,,,,,,,,,,,,,,Newcastle-United
Odisseas Vlachodimos,gr GRE,GK,30-209,0.0,0,,,,,,,,,,,,,,,,,,,,,,,,,,,,Newcastle-United
Squad Total,,,27.6,11.0,121,990.0,11.0,13.0,11.0,24.0,12.0,1.0,2.0,27.0,1.0,16.3,14.7,13.0,27.8,186.0,424.0,424.0,1.18,1.0,2.18,1.09,2.09,1.48,1.19,2.67,1.34,2.52,Newcastle-United
Opponent Total,,,26.7,11.0,121,990.0,11.0,10.0,10.0,20.0,10.0,0.0,0.0,37.0,0.0,14.6,14.6,12.1,26.7,222.0,405.0,401.0,0.91,0.91,1.82,0.91,1.82,1.33,1.1,2.43,1.33,2.43,Newcastle-United
Emiliano Martínez,ar ARG,GK,32-080,,11,990.0,11.0,0.0,0.0,0.0,0.0,0.0,0.0,1.0,0.0,0.0,0.0,0.0,0.0,0.0,0.0,0.0,0.0,0.0,0.0,0.0,0.0,0.0,0.0,0.0,0.0,0.0,Aston-Villa
Pau Torres,es ESP,DF,27-310,,11,990.0,11.0,0.0,0.0,0.0,0.0,0.0,0.0,1.0,0.0,0.2,0.2,0.0,0.2,21.0,40.0,4.0,0.0,0.0,0.0,0.0,0.0,0.02,0.0,0.02,0.02,0.02,Aston-Villa
Youri Tielemans,be BEL,MF,27-198,,11,973.0,10.8,0.0,3.0,3.0,0.0,0.0,0.0,3.0,0.0,0.5,0.5,2.7,3.2,16.0,79.0,11.0,0.0,0.28,0.28,0.0,0.28,0.05,0.25,0.3,0.05,0.3,Aston-Villa
Morgan Rogers,eng ENG,"MF,FW",22-118,,11,899.0,10.0,3.0,2.0,5.0,3.0,0.0,0.0,3.0,0.0,2.6,2.6,2.5,5.2,30.0,31.0,56.0,0.3,0.2,0.5,0.3,0.5,0.26,0.25,0.52,0.26,0.52,Aston-Villa
Lucas Digne,fr FRA,DF,31-124,,11,841.0,9.3,0.0,2.0,2.0,0.0,0.0,0.0,3.0,0.0,0.5,0.5,2.4,2.9,5.0,15.0,48.0,0.0,0.21,0.21,0.0,0.21,0.06,0.26,0.31,0.06,0.31,Aston-Villa
Ollie Watkins,eng ENG,FW,28-327,,11,839.0,9.3,5.0,2.0,7.0,5.0,0.0,0.0,0.0,0.0,5.1,5.1,1.0,6.2,15.0,5.0,51.0,0.54,0.21,0.75,0.54,0.75,0.55,0.11,0.66,0.55,0.66,Aston-Villa
Ezri Konsa,eng ENG,DF,27-029,,10,821.0,9.1,1.0,0.0,1.0,1.0,0.0,0.0,0.0,0.0,0.4,0.4,0.1,0.5,8.0,32.0,5.0,0.11,0.0,0.11,0.11,0.11,0.04,0.01,0.05,0.04,0.05,Aston-Villa
Amadou Onana,be BEL,MF,23-097,,10,703.0,7.8,2.0,0.0,2.0,2.0,0.0,0.0,3.0,0.0,1.6,1.6,0.1,1.7,8.0,23.0,6.0,0.26,0.0,0.26,0.26,0.26,0.2,0.02,0.22,0.2,0.22,Aston-Villa
Jacob Ramsey,eng ENG,"FW,MF",23-177,,7,633.0,7.0,0.0,2.0,2.0,0.0,0.0,0.0,1.0,0.0,0.7,0.7,1.3,2.0,28.0,28.0,54.0,0.0,0.28,0.28,0.0,0.28,0.1,0.18,0.28,0.1,0.28,Aston-Villa
John McGinn,sct SCO,"FW,MF",30-034,,7,552.0,6.1,0.0,0.0,0.0,0.0,0.0,0.0,2.0,0.0,0.6,0.6,0.4,1.0,12.0,22.0,27.0,0.0,0.0,0.0,0.0,0.0,0.1,0.06,0.16,0.1,0.16,Aston-Villa
Leon Bailey,jm JAM,"FW,MF",27-104,,7,503.0,5.6,0.0,2.0,2.0,0.0,0.0,0.0,2.0,0.0,0.4,0.4,1.0,1.4,22.0,18.0,42.0,0.0,0.36,0.36,0.0,0.36,0.08,0.18,0.26,0.08,0.26,Aston-Villa
Matty Cash,pl POL,DF,27-106,,6,425.0,4.7,0.0,0.0,0.0,0.0,0.0,0.0,1.0,0.0,0.0,0.0,0.2,0.2,8.0,14.0,7.0,0.0,0.0,0.0,0.0,0.0,0.01,0.04,0.04,0.01,0.04,Aston-Villa
Diego Carlos,br BRA,DF,31-251,,4,470.0,5.2,0.0,0.0,0.0,0.0,0.0,0.0,0.0,0.0,0.5,0.5,0.0,0.5,1.0,14.0,0.0,0.0,0.0,0.0,0.0,0.0,0.09,0.0,0.09,0.09,0.09,Aston-Villa
Lamare Bogarde,nl NED,DF,20-321,,2,168.0,1.9,0.0,0.0,0.0,0.0,0.0,0.0,1.0,0.0,0.0,0.0,0.1,0.1,3.0,6.0,5.0,0.0,0.0,0.0,0.0,0.0,0.0,0.04,0.04,0.0,0.04,Aston-Villa
Ross Barkley,eng ENG,MF,30-352,,1,277.0,3.1,1.0,1.0,2.0,1.0,0.0,0.0,3.0,0.0,0.8,0.8,0.2,1.0,8.0,16.0,4.0,0.32,0.32,0.65,0.32,0.65,0.25,0.08,0.33,0.25,0.33,Aston-Villa
Jaden Philogene Bidace,eng ENG,"FW,MF",22-287,,1,200.0,2.2,0.0,0.0,0.0,0.0,0.0,0.0,3.0,1.0,0.4,0.4,0.0,0.4,2.0,2.0,9.0,0.0,0.0,0.0,0.0,0.0,0.18,0.0,0.18,0.18,0.18,Aston-Villa
Jhon Durán,co COL,FW,20-344,,0,289.0,3.2,4.0,0.0,4.0,4.0,0.0,0.0,1.0,0.0,2.4,2.4,0.0,2.4,3.0,6.0,17.0,1.25,0.0,1.25,1.25,1.25,0.74,0.01,0.75,0.74,0.75,Aston-Villa
Ian Maatsen,nl NED,DF,22-256,,0,161.0,1.8,0.0,0.0,0.0,0.0,0.0,0.0,0.0,0.0,0.0,0.0,0.9,0.9,5.0,9.0,15.0,0.0,0.0,0.0,0.0,0.0,0.01,0.5,0.51,0.01,0.51,Aston-Villa
Kosta Nedeljković,rs SRB,DF,18-341,,0,96.0,1.1,0.0,0.0,0.0,0.0,0.0,0.0,0.0,0.0,0.0,0.0,0.0,0.0,1.0,3.0,0.0,0.0,0.0,0.0,0.0,0.0,0.0,0.0,0.0,0.0,0.0,Aston-Villa
Boubacar Kamara,fr FRA,MF,24-364,,0,36.0,0.4,0.0,0.0,0.0,0.0,0.0,0.0,1.0,0.0,0.0,0.0,0.0,0.0,0.0,2.0,0.0,0.0,0.0,0.0,0.0,0.0,0.0,0.0,0.0,0.0,0.0,Aston-Villa
Emi Buendía,ar ARG,"MF,FW",27-332,,0,23.0,0.3,0.0,0.0,0.0,0.0,0.0,0.0,0.0,0.0,0.1,0.1,0.0,0.1,2.0,3.0,4.0,0.0,0.0,0.0,0.0,0.0,0.34,0.0,0.34,0.34,0.34,Aston-Villa
Joe Gauci,au AUS,GK,24-140,,0,,,,,,,,,,,,,,,,,,,,,,,,,,,,Aston-Villa
Tyrone Mings,eng ENG,DF,31-253,,0,,,,,,,,,,,,,,,,,,,,,,,,,,,,Aston-Villa
Robin Olsen,se SWE,GK,34-318,,0,,,,,,,,,,,,,,,,,,,,,,,,,,,,Aston-Villa
Sil Swinkels,nl NED,DF,20-320,,0,,,,,,,,,,,,,,,,,,,,,,,,,,,,Aston-Villa
Kadan Young,eng ENG,MF,18-307,,0,,,,,,,,,,,,,,,,,,,,,,,,,,,,Aston-Villa
Oliwier Zych,pl POL,GK,20-146,,0,,,,,,,,,,,,,,,,,,,,,,,,,,,,Aston-Villa
Squad Total,,,27.3,,121,990.0,11.0,16.0,14.0,30.0,16.0,0.0,0.0,29.0,1.0,16.2,16.2,12.7,28.9,198.0,368.0,365.0,1.45,1.27,2.73,1.45,2.73,1.47,1.16,2.63,1.47,2.63,Aston-Villa
Opponent Total,,,27.1,,121,990.0,11.0,17.0,11.0,28.0,16.0,1.0,2.0,38.0,1.0,13.3,11.7,9.3,21.1,191.0,357.0,351.0,1.55,1.0,2.55,1.45,2.45,1.21,0.85,2.06,1.07,1.92,Aston-Villa
Guglielmo Vicario,it ITA,GK,28-045,11.0,11,990.0,11.0,0.0,0.0,0.0,0.0,0.0,0.0,1.0,0.0,0.0,0.0,0.0,0.0,0.0,1.0,0.0,0.0,0.0,0.0,0.0,0.0,0.0,0.0,0.0,0.0,0.0,Tottenham-Hotspur
Pedro Porro,es ESP,DF,25-069,11.0,11,986.0,11.0,1.0,1.0,2.0,1.0,0.0,0.0,2.0,0.0,0.7,0.7,1.3,2.0,33.0,66.0,44.0,0.09,0.09,0.18,0.09,0.18,0.06,0.12,0.18,0.06,0.18,Tottenham-Hotspur
Cristian Romero,ar ARG,DF,26-208,11.0,11,960.0,10.7,1.0,0.0,1.0,1.0,0.0,0.0,1.0,0.0,1.1,1.1,0.5,1.6,10.0,48.0,2.0,0.09,0.0,0.09,0.09,0.09,0.1,0.05,0.15,0.1,0.15,Tottenham-Hotspur
Destiny Udogie,it ITA,DF,21-359,11.0,11,915.0,10.2,0.0,1.0,1.0,0.0,0.0,0.0,2.0,0.0,0.3,0.3,1.2,1.5,26.0,64.0,60.0,0.0,0.1,0.1,0.0,0.1,0.03,0.12,0.15,0.03,0.15,Tottenham-Hotspur
Brennan Johnson,wls WAL,FW,23-182,11.0,10,866.0,9.6,4.0,0.0,4.0,4.0,0.0,0.0,2.0,0.0,5.2,5.2,0.7,5.9,31.0,28.0,99.0,0.42,0.0,0.42,0.42,0.42,0.54,0.07,0.61,0.54,0.61,Tottenham-Hotspur
Dejan Kulusevski,se SWE,"MF,FW",24-210,11.0,10,859.0,9.5,2.0,2.0,4.0,2.0,0.0,0.0,3.0,0.0,1.4,1.4,2.8,4.1,43.0,52.0,76.0,0.21,0.21,0.42,0.21,0.42,0.14,0.29,0.43,0.14,0.43,Tottenham-Hotspur
Dominic Solanke,eng ENG,FW,27-068,9.0,9,797.0,8.9,4.0,1.0,5.0,4.0,0.0,0.0,0.0,0.0,5.5,5.5,0.8,6.2,15.0,21.0,43.0,0.45,0.11,0.56,0.45,0.56,0.62,0.09,0.7,0.62,0.7,Tottenham-Hotspur
James Maddison,eng ENG,MF,27-364,11.0,9,685.0,7.6,3.0,3.0,6.0,3.0,0.0,0.0,2.0,0.0,2.4,2.4,1.9,4.3,16.0,70.0,44.0,0.39,0.39,0.79,0.39,0.79,0.31,0.25,0.56,0.31,0.56,Tottenham-Hotspur
Micky van de Ven,nl NED,DF,23-216,8.0,8,710.0,7.9,0.0,2.0,2.0,0.0,0.0,0.0,4.0,0.0,0.2,0.2,1.2,1.4,8.0,42.0,1.0,0.0,0.25,0.25,0.0,0.25,0.03,0.15,0.18,0.03,0.18,Tottenham-Hotspur
Son Heung-min,kr KOR,FW,32-136,8.0,8,664.0,7.4,3.0,3.0,6.0,3.0,0.0,0.0,0.0,0.0,1.9,1.9,3.1,5.0,33.0,48.0,107.0,0.41,0.41,0.81,0.41,0.81,0.26,0.42,0.68,0.26,0.68,Tottenham-Hotspur
Rodrigo Bentancur,uy URU,MF,27-149,10.0,7,535.0,5.9,1.0,0.0,1.0,1.0,0.0,0.0,4.0,0.0,0.7,0.7,0.1,0.8,5.0,40.0,3.0,0.17,0.0,0.17,0.17,0.17,0.11,0.01,0.13,0.11,0.13,Tottenham-Hotspur
Pape Matar Sarr,sn SEN,MF,22-068,11.0,4,445.0,4.9,0.0,2.0,2.0,0.0,0.0,0.0,1.0,0.0,0.7,0.7,1.2,1.9,10.0,37.0,20.0,0.0,0.4,0.4,0.0,0.4,0.15,0.23,0.38,0.15,0.38,Tottenham-Hotspur
Yves Bissouma,ml MLI,MF,28-083,8.0,4,401.0,4.5,2.0,0.0,2.0,2.0,0.0,0.0,2.0,0.0,0.3,0.3,0.2,0.5,8.0,32.0,0.0,0.45,0.0,0.45,0.45,0.45,0.06,0.04,0.1,0.06,0.1,Tottenham-Hotspur
Radu Drăgușin,ro ROU,DF,22-292,4.0,3,280.0,3.1,0.0,0.0,0.0,0.0,0.0,0.0,0.0,0.0,0.0,0.0,0.0,0.0,3.0,13.0,0.0,0.0,0.0,0.0,0.0,0.0,0.01,0.0,0.01,0.01,0.01,Tottenham-Hotspur
Timo Werner,de GER,"FW,MF",28-260,8.0,2,269.0,3.0,0.0,1.0,1.0,0.0,0.0,0.0,0.0,0.0,0.9,0.9,0.2,1.1,27.0,17.0,54.0,0.0,0.33,0.33,0.0,0.33,0.32,0.05,0.37,0.32,0.37,Tottenham-Hotspur
Wilson Odobert,fr FRA,FW,19-359,3.0,2,162.0,1.8,0.0,0.0,0.0,0.0,0.0,0.0,0.0,0.0,0.4,0.4,0.1,0.5,13.0,10.0,18.0,0.0,0.0,0.0,0.0,0.0,0.23,0.03,0.27,0.23,0.27,Tottenham-Hotspur
Mikey Moore,eng ENG,FW,17-102,4.0,1,85.0,0.9,0.0,0.0,0.0,0.0,0.0,0.0,0.0,0.0,0.0,0.0,0.0,0.0,5.0,3.0,12.0,0.0,0.0,0.0,0.0,0.0,0.04,0.0,0.04,0.04,0.04,Tottenham-Hotspur
Richarlison,br BRA,FW,27-195,5.0,0,90.0,1.0,0.0,1.0,1.0,0.0,0.0,0.0,1.0,0.0,0.2,0.2,0.8,1.0,4.0,5.0,12.0,0.0,1.0,1.0,0.0,1.0,0.19,0.76,0.95,0.19,0.95,Tottenham-Hotspur
Djed Spence,eng ENG,DF,24-104,3.0,0,64.0,0.7,0.0,0.0,0.0,0.0,0.0,0.0,1.0,0.0,0.0,0.0,0.0,0.0,3.0,4.0,5.0,0.0,0.0,0.0,0.0,0.0,0.0,0.0,0.0,0.0,0.0,Tottenham-Hotspur
Lucas Bergvall,se SWE,"MF,FW",18-293,5.0,0,51.0,0.6,0.0,0.0,0.0,0.0,0.0,0.0,0.0,0.0,0.1,0.1,0.2,0.3,1.0,4.0,3.0,0.0,0.0,0.0,0.0,0.0,0.14,0.34,0.48,0.14,0.48,Tottenham-Hotspur
Archie Gray,eng ENG,"MF,DF",18-254,5.0,0,46.0,0.5,0.0,0.0,0.0,0.0,0.0,0.0,0.0,0.0,0.0,0.0,0.0,0.0,0.0,3.0,1.0,0.0,0.0,0.0,0.0,0.0,0.0,0.0,0.0,0.0,0.0,Tottenham-Hotspur
Ben Davies,wls WAL,DF,31-211,1.0,0,30.0,0.3,0.0,0.0,0.0,0.0,0.0,0.0,0.0,0.0,0.0,0.0,0.0,0.0,0.0,0.0,0.0,0.0,0.0,0.0,0.0,0.0,0.0,0.0,0.0,0.0,0.0,Tottenham-Hotspur
Brandon Austin,eng ENG,GK,25-318,0.0,0,,,,,,,,,,,,,,,,,,,,,,,,,,,,Tottenham-Hotspur
Alfie Devine,eng ENG,MF,20-112,0.0,0,,,,,,,,,,,,,,,,,,,,,,,,,,,,Tottenham-Hotspur
Fraser Forster,eng ENG,GK,36-249,0.0,0,,,,,,,,,,,,,,,,,,,,,,,,,,,,Tottenham-Hotspur
Will Lankshear,eng ENG,FW,19-215,0.0,0,,,,,,,,,,,,,,,,,,,,,,,,,,,,Tottenham-Hotspur
Squad Total,,,25.7,11.0,121,990.0,11.0,21.0,17.0,38.0,21.0,0.0,0.0,26.0,0.0,21.3,21.3,15.7,37.0,294.0,608.0,604.0,1.91,1.55,3.45,1.91,3.45,1.94,1.43,3.37,1.94,3.37,Tottenham-Hotspur
Opponent Total,,,26.7,11.0,121,990.0,11.0,13.0,8.0,21.0,13.0,0.0,0.0,28.0,2.0,13.0,13.0,9.6,22.6,135.0,271.0,267.0,1.18,0.73,1.91,1.18,1.91,1.18,0.87,2.05,1.18,2.05,Tottenham-Hotspur
Nathan Collins,ie IRL,DF,23-205,,11,990.0,11.0,1.0,0.0,1.0,1.0,0.0,0.0,1.0,0.0,1.8,1.8,0.4,2.2,10.0,40.0,6.0,0.09,0.0,0.09,0.09,0.09,0.16,0.04,0.2,0.16,0.2,Brentford
Mark Flekken,nl NED,GK,31-161,,11,990.0,11.0,0.0,0.0,0.0,0.0,0.0,0.0,0.0,0.0,0.0,0.0,0.0,0.0,0.0,0.0,0.0,0.0,0.0,0.0,0.0,0.0,0.0,0.0,0.0,0.0,0.0,Brentford
Ethan Pinnock,jm JAM,DF,31-176,,11,990.0,11.0,2.0,0.0,2.0,2.0,0.0,0.0,1.0,0.0,0.8,0.8,0.6,1.4,1.0,26.0,4.0,0.18,0.0,0.18,0.18,0.18,0.08,0.05,0.13,0.08,0.13,Brentford
Bryan Mbeumo,cm CMR,FW,25-106,,11,984.0,10.9,8.0,1.0,9.0,6.0,2.0,2.0,2.0,0.0,3.9,2.3,2.1,4.4,33.0,38.0,100.0,0.73,0.09,0.82,0.55,0.64,0.36,0.19,0.54,0.21,0.4,Brentford
Vitaly Janelt,de GER,MF,26-195,,11,902.0,10.0,1.0,3.0,4.0,1.0,0.0,0.0,1.0,0.0,0.4,0.4,1.5,1.9,7.0,35.0,18.0,0.1,0.3,0.4,0.1,0.4,0.04,0.15,0.19,0.04,0.19,Brentford
Mikkel Damsgaard,dk DEN,"MF,FW",24-141,,9,790.0,8.8,1.0,3.0,4.0,1.0,0.0,0.0,0.0,0.0,0.8,0.8,2.8,3.7,21.0,55.0,32.0,0.11,0.34,0.46,0.11,0.46,0.1,0.32,0.42,0.1,0.42,Brentford
Christian Nørgaard,dk DEN,MF,30-256,,9,775.0,8.6,1.0,1.0,2.0,1.0,0.0,0.0,2.0,0.0,1.3,1.3,0.3,1.5,5.0,35.0,12.0,0.12,0.12,0.23,0.12,0.23,0.15,0.03,0.18,0.15,0.18,Brentford
Keane Lewis-Potter,eng ENG,"FW,DF",23-273,,9,765.0,8.5,0.0,1.0,1.0,0.0,0.0,0.0,1.0,0.0,0.8,0.8,1.0,1.9,24.0,23.0,46.0,0.0,0.12,0.12,0.0,0.12,0.1,0.12,0.22,0.1,0.22,Brentford
Sepp van den Berg,nl NED,DF,22-337,,8,732.0,8.1,0.0,0.0,0.0,0.0,0.0,0.0,0.0,0.0,0.5,0.5,0.1,0.6,3.0,19.0,16.0,0.0,0.0,0.0,0.0,0.0,0.07,0.01,0.08,0.07,0.08,Brentford
Kristoffer Ajer,no NOR,DF,26-218,,8,636.0,7.1,0.0,0.0,0.0,0.0,0.0,0.0,3.0,0.0,0.3,0.3,0.2,0.5,14.0,25.0,12.0,0.0,0.0,0.0,0.0,0.0,0.04,0.03,0.07,0.04,0.07,Brentford
Yoane Wissa,cd COD,FW,28-079,,7,565.0,6.3,7.0,1.0,8.0,7.0,0.0,0.0,1.0,0.0,4.5,4.5,0.3,4.8,8.0,10.0,33.0,1.12,0.16,1.27,1.12,1.27,0.71,0.05,0.76,0.71,0.76,Brentford
Kevin Schade,de GER,"FW,MF",22-360,,5,487.0,5.4,0.0,0.0,0.0,0.0,0.0,0.0,1.0,0.0,1.5,1.5,0.1,1.6,13.0,7.0,37.0,0.0,0.0,0.0,0.0,0.0,0.27,0.02,0.29,0.27,0.29,Brentford
Mads Roerslev,dk DEN,DF,25-150,,4,448.0,5.0,0.0,1.0,1.0,0.0,0.0,0.0,1.0,0.0,0.0,0.0,1.6,1.6,7.0,29.0,30.0,0.0,0.2,0.2,0.0,0.2,0.0,0.32,0.32,0.0,0.32,Brentford
Mathias Jensen,dk DEN,MF,28-325,,4,348.0,3.9,0.0,1.0,1.0,0.0,0.0,0.0,1.0,0.0,0.1,0.1,0.8,0.9,4.0,28.0,15.0,0.0,0.26,0.26,0.0,0.26,0.03,0.2,0.23,0.03,0.23,Brentford
Fabio Carvalho,pt POR,"FW,MF",22-083,,2,290.0,3.2,1.0,1.0,2.0,1.0,0.0,0.0,1.0,0.0,1.5,1.5,0.5,2.0,5.0,7.0,13.0,0.31,0.31,0.62,0.31,0.62,0.46,0.16,0.63,0.46,0.63,Brentford
Yehor Yarmoliuk,ua UKR,MF,20-265,,1,144.0,1.6,0.0,0.0,0.0,0.0,0.0,0.0,1.0,0.0,0.2,0.2,0.0,0.3,1.0,6.0,5.0,0.0,0.0,0.0,0.0,0.0,0.14,0.02,0.16,0.14,0.16,Brentford
Frank Onyeka,ng NGA,MF,26-325,,0,25.0,0.3,0.0,0.0,0.0,0.0,0.0,0.0,0.0,0.0,0.0,0.0,0.0,0.0,0.0,1.0,0.0,0.0,0.0,0.0,0.0,0.0,0.0,0.0,0.0,0.0,0.0,Brentford
Yunus Emre Konak,tr TUR,"MF,FW",18-316,,0,20.0,0.2,0.0,0.0,0.0,0.0,0.0,0.0,0.0,0.0,0.2,0.2,0.0,0.2,1.0,2.0,1.0,0.0,0.0,0.0,0.0,0.0,0.69,0.0,0.69,0.69,0.69,Brentford
Ben Mee,eng ENG,"DF,FW",35-061,,0,5.0,0.1,0.0,0.0,0.0,0.0,0.0,0.0,0.0,0.0,0.0,0.0,0.0,0.0,0.0,0.0,0.0,0.0,0.0,0.0,0.0,0.0,0.0,0.0,0.0,0.0,0.0,Brentford
Ryan Trevitt,eng ENG,MF,21-254,,0,4.0,0.0,0.0,0.0,0.0,0.0,0.0,0.0,0.0,0.0,0.0,0.0,0.0,0.0,0.0,0.0,1.0,0.0,0.0,0.0,0.0,0.0,0.0,0.0,0.0,0.0,0.0,Brentford
Kim Jisoo,kr KOR,DF,19-333,,0,,,,,,,,,,,,,,,,,,,,,,,,,,,,Brentford
Edmond-Paris Maghoma,eng ENG,MF,23-197,,0,,,,,,,,,,,,,,,,,,,,,,,,,,,,Brentford
Jayden Meghoma,eng ENG,DF,18-146,,0,,,,,,,,,,,,,,,,,,,,,,,,,,,,Brentford
Myles Peart-Harris,eng ENG,MF,22-064,,0,,,,,,,,,,,,,,,,,,,,,,,,,,,,Brentford
Hákon Rafn Valdimarsson,is ISL,GK,23-039,,0,,,,,,,,,,,,,,,,,,,,,,,,,,,,Brentford
Tony Yogane,eng ENG,MF,19-058,,0,,,,,,,,,,,,,,,,,,,,,,,,,,,,Brentford
Squad Total,,,26.5,,121,990.0,11.0,22.0,13.0,35.0,20.0,2.0,2.0,17.0,0.0,18.2,16.6,12.3,28.9,157.0,386.0,381.0,2.0,1.18,3.18,1.82,3.0,1.65,1.12,2.77,1.51,2.63,Brentford
Opponent Total,,,27.3,,121,990.0,11.0,21.0,18.0,39.0,21.0,0.0,0.0,31.0,1.0,19.3,19.3,14.6,33.9,249.0,498.0,493.0,1.91,1.64,3.55,1.91,3.55,1.75,1.33,3.08,1.75,3.08,Brentford
Illia Zabarnyi,ua UKR,DF,22-081,,11,990.0,11.0,0.0,0.0,0.0,0.0,0.0,0.0,1.0,0.0,0.3,0.3,0.1,0.4,4.0,39.0,1.0,0.0,0.0,0.0,0.0,0.0,0.03,0.01,0.04,0.03,0.04,Bournemouth
Lewis Cook,eng ENG,MF,27-292,,11,983.0,10.9,1.0,3.0,4.0,1.0,0.0,0.0,3.0,0.0,0.5,0.5,2.0,2.4,10.0,57.0,17.0,0.09,0.27,0.37,0.09,0.37,0.04,0.18,0.22,0.04,0.22,Bournemouth
Antoine Semenyo,gh GHA,FW,24-319,,11,967.0,10.7,4.0,1.0,5.0,4.0,0.0,0.0,4.0,0.0,3.8,3.8,2.1,5.9,45.0,24.0,86.0,0.37,0.09,0.47,0.37,0.47,0.36,0.2,0.55,0.36,0.55,Bournemouth
Milos Kerkez,hu HUN,DF,21-014,,11,927.0,10.3,0.0,2.0,2.0,0.0,0.0,0.0,2.0,0.0,0.2,0.1,1.0,1.1,29.0,45.0,45.0,0.0,0.19,0.19,0.0,0.19,0.02,0.1,0.12,0.01,0.11,Bournemouth
Marcus Tavernier,eng ENG,"MF,FW",25-244,,9,803.0,8.9,1.0,2.0,3.0,1.0,0.0,0.0,2.0,0.0,2.6,2.6,1.7,4.2,22.0,51.0,49.0,0.11,0.22,0.34,0.11,0.34,0.29,0.19,0.47,0.29,0.47,Bournemouth
Marcos Senesi,ar ARG,DF,27-195,,9,772.0,8.6,0.0,0.0,0.0,0.0,0.0,0.0,4.0,0.0,0.8,0.8,0.3,1.1,10.0,41.0,3.0,0.0,0.0,0.0,0.0,0.0,0.09,0.03,0.12,0.09,0.12,Bournemouth
Evanilson,br BRA,FW,25-046,,9,707.0,7.9,4.0,0.0,4.0,4.0,0.0,1.0,0.0,0.0,4.0,3.2,0.7,3.9,7.0,5.0,20.0,0.51,0.0,0.51,0.51,0.51,0.51,0.09,0.6,0.41,0.5,Bournemouth
Ryan Christie,sct SCO,MF,29-273,,9,703.0,7.8,1.0,0.0,1.0,1.0,0.0,0.0,5.0,0.0,0.5,0.5,1.1,1.5,8.0,43.0,18.0,0.13,0.0,0.13,0.13,0.13,0.06,0.14,0.2,0.06,0.2,Bournemouth
Justin Kluivert,nl NED,"MF,FW",25-200,,8,625.0,6.9,2.0,2.0,4.0,1.0,1.0,1.0,4.0,0.0,2.0,1.3,1.1,2.4,16.0,27.0,47.0,0.29,0.29,0.58,0.14,0.43,0.29,0.17,0.46,0.18,0.35,Bournemouth
Adam Smith,eng ENG,DF,33-206,,6,607.0,6.7,0.0,0.0,0.0,0.0,0.0,0.0,3.0,0.0,0.6,0.6,0.1,0.7,2.0,11.0,8.0,0.0,0.0,0.0,0.0,0.0,0.09,0.02,0.11,0.09,0.11,Bournemouth
Kepa Arrizabalaga,es ESP,GK,30-049,,6,540.0,6.0,0.0,0.0,0.0,0.0,0.0,0.0,0.0,0.0,0.0,0.0,0.0,0.0,0.0,0.0,0.0,0.0,0.0,0.0,0.0,0.0,0.0,0.0,0.0,0.0,0.0,Bournemouth
Julian Araujo,mx MEX,DF,23-100,,5,355.0,3.9,0.0,0.0,0.0,0.0,0.0,0.0,1.0,0.0,0.0,0.0,0.0,0.0,2.0,14.0,11.0,0.0,0.0,0.0,0.0,0.0,0.0,0.0,0.0,0.0,0.0,Bournemouth
Dango Ouattara,bf BFA,"FW,DF",22-284,,4,414.0,4.6,1.0,1.0,2.0,1.0,0.0,0.0,0.0,0.0,1.5,1.5,1.4,2.9,23.0,6.0,47.0,0.22,0.22,0.43,0.22,0.43,0.33,0.3,0.63,0.33,0.63,Bournemouth
Mark Travers,ie IRL,GK,25-187,,3,270.0,3.0,0.0,0.0,0.0,0.0,0.0,0.0,0.0,0.0,0.0,0.0,0.0,0.0,0.0,0.0,0.0,0.0,0.0,0.0,0.0,0.0,0.0,0.0,0.0,0.0,0.0,Bournemouth
Alex Scott,eng ENG,MF,21-092,,2,263.0,2.9,0.0,0.0,0.0,0.0,0.0,0.0,0.0,0.0,0.1,0.1,0.2,0.3,5.0,32.0,14.0,0.0,0.0,0.0,0.0,0.0,0.05,0.07,0.12,0.05,0.12,Bournemouth
Dean Huijsen,es ESP,DF,19-221,,2,219.0,2.4,0.0,0.0,0.0,0.0,0.0,0.0,1.0,0.0,0.3,0.3,0.2,0.5,2.0,11.0,1.0,0.0,0.0,0.0,0.0,0.0,0.11,0.09,0.2,0.11,0.2,Bournemouth
Neto,br BRA,GK,35-125,,2,180.0,2.0,0.0,0.0,0.0,0.0,0.0,0.0,0.0,0.0,0.0,0.0,0.0,0.0,0.0,0.0,0.0,0.0,0.0,0.0,0.0,0.0,0.0,0.0,0.0,0.0,0.0,Bournemouth
Luis Sinisterra,co COL,"FW,MF",25-157,,1,208.0,2.3,1.0,1.0,2.0,1.0,0.0,0.0,0.0,0.0,1.1,1.1,1.0,2.1,14.0,3.0,29.0,0.43,0.43,0.87,0.43,0.87,0.48,0.44,0.92,0.48,0.92,Bournemouth
Enes Ünal,tr TUR,"FW,MF",27-195,,1,156.0,1.7,0.0,0.0,0.0,0.0,0.0,0.0,1.0,0.0,0.7,0.7,0.1,0.9,4.0,7.0,8.0,0.0,0.0,0.0,0.0,0.0,0.42,0.08,0.49,0.42,0.49,Bournemouth
Tyler Adams,us USA,MF,25-281,,1,101.0,1.1,0.0,0.0,0.0,0.0,0.0,0.0,1.0,0.0,0.0,0.0,0.1,0.2,0.0,3.0,0.0,0.0,0.0,0.0,0.0,0.0,0.02,0.12,0.14,0.02,0.14,Bournemouth
David Brooks,wls WAL,"MF,FW",27-136,,0,49.0,0.5,0.0,0.0,0.0,0.0,0.0,0.0,0.0,0.0,0.1,0.1,0.3,0.4,1.0,4.0,11.0,0.0,0.0,0.0,0.0,0.0,0.18,0.56,0.74,0.18,0.74,Bournemouth
Daniel Jebbison,eng ENG,FW,21-100,,0,28.0,0.3,0.0,0.0,0.0,0.0,0.0,0.0,0.0,0.0,0.0,0.0,0.0,0.0,1.0,0.0,1.0,0.0,0.0,0.0,0.0,0.0,0.0,0.07,0.07,0.0,0.07,Bournemouth
Philip Billing,dk DEN,MF,28-163,,0,23.0,0.3,0.0,0.0,0.0,0.0,0.0,0.0,0.0,0.0,0.0,0.0,0.0,0.0,0.0,0.0,2.0,0.0,0.0,0.0,0.0,0.0,0.0,0.0,0.0,0.0,0.0,Bournemouth
Max Aarons,eng ENG,DF,24-322,,0,,,,,,,,,,,,,,,,,,,,,,,,,,,,Bournemouth
Jaidon Anthony,eng ENG,"FW,MF",24-356,,0,,,,,,,,,,,,,,,,,,,,,,,,,,,,Bournemouth
Will Dennis,eng ENG,GK,24-134,,0,,,,,,,,,,,,,,,,,,,,,,,,,,,,Bournemouth
James Hill,eng ENG,DF,22-316,,0,,,,,,,,,,,,,,,,,,,,,,,,,,,,Bournemouth
Hamed Junior Traorè,ci CIV,"FW,MF",24-279,,0,,,,,,,,,,,,,,,,,,,,,,,,,,,,Bournemouth
Squad Total,,,25.9,,121,990.0,11.0,15.0,12.0,27.0,14.0,1.0,2.0,32.0,0.0,18.8,17.2,13.4,30.6,205.0,423.0,418.0,1.36,1.09,2.45,1.27,2.36,1.71,1.22,2.93,1.57,2.78,Bournemouth
Opponent Total,,,27.0,,121,990.0,11.0,15.0,12.0,27.0,15.0,0.0,0.0,34.0,1.0,14.4,14.4,11.5,25.9,201.0,398.0,392.0,1.36,1.09,2.45,1.36,2.45,1.31,1.04,2.35,1.31,2.35,Bournemouth
André Onana,cm CMR,GK,28-233,11.0,11,990.0,11.0,0.0,0.0,0.0,0.0,0.0,0.0,0.0,0.0,0.0,0.0,0.2,0.2,0.0,0.0,0.0,0.0,0.0,0.0,0.0,0.0,0.0,0.02,0.02,0.0,0.02,Manchester-United
Diogo Dalot,pt POR,DF,25-248,11.0,11,956.0,10.6,0.0,1.0,1.0,0.0,0.0,0.0,3.0,0.0,0.7,0.7,1.1,1.8,10.0,43.0,35.0,0.0,0.09,0.09,0.0,0.09,0.06,0.11,0.17,0.06,0.17,Manchester-United
Bruno Fernandes,pt POR,"MF,FW",30-074,11.0,11,929.0,10.3,2.0,3.0,5.0,1.0,1.0,1.0,1.0,1.0,4.0,3.2,3.0,6.2,24.0,84.0,54.0,0.19,0.29,0.48,0.1,0.39,0.39,0.29,0.67,0.31,0.6,Manchester-United
Lisandro Martínez,ar ARG,DF,26-308,10.0,10,886.0,9.8,0.0,0.0,0.0,0.0,0.0,0.0,4.0,0.0,0.8,0.8,0.1,0.9,5.0,58.0,5.0,0.0,0.0,0.0,0.0,0.0,0.08,0.01,0.09,0.08,0.09,Manchester-United
Noussair Mazraoui,ma MAR,DF,27-007,11.0,10,822.0,9.1,0.0,1.0,1.0,0.0,0.0,0.0,1.0,0.0,0.2,0.2,0.2,0.4,13.0,44.0,16.0,0.0,0.11,0.11,0.0,0.11,0.02,0.02,0.05,0.02,0.05,Manchester-United
Marcus Rashford,eng ENG,FW,27-021,11.0,10,757.0,8.4,1.0,1.0,2.0,1.0,0.0,0.0,2.0,0.0,0.9,0.9,1.9,2.8,17.0,18.0,64.0,0.12,0.12,0.24,0.12,0.24,0.11,0.23,0.33,0.11,0.33,Manchester-United
Matthijs de Ligt,nl NED,DF,25-101,11.0,8,761.0,8.5,1.0,0.0,1.0,1.0,0.0,0.0,2.0,0.0,1.1,1.1,0.1,1.2,3.0,15.0,1.0,0.12,0.0,0.12,0.12,0.12,0.13,0.01,0.14,0.13,0.14,Manchester-United
Alejandro Garnacho,ar ARG,FW,20-143,11.0,7,715.0,7.9,3.0,1.0,4.0,3.0,0.0,0.0,1.0,0.0,3.5,3.5,1.1,4.6,49.0,13.0,101.0,0.38,0.13,0.5,0.38,0.5,0.44,0.14,0.58,0.44,0.58,Manchester-United
Casemiro,br BRA,MF,32-272,10.0,7,625.0,6.9,1.0,0.0,1.0,1.0,0.0,0.0,1.0,0.0,1.0,1.0,1.9,2.9,3.0,39.0,15.0,0.14,0.0,0.14,0.14,0.14,0.14,0.28,0.42,0.14,0.42,Manchester-United
Kobbie Mainoo,eng ENG,MF,19-216,7.0,7,571.0,6.3,0.0,0.0,0.0,0.0,0.0,0.0,4.0,0.0,0.1,0.1,0.7,0.8,5.0,24.0,11.0,0.0,0.0,0.0,0.0,0.0,0.02,0.11,0.13,0.02,0.13,Manchester-United
Amad Diallo,ci CIV,FW,22-133,9.0,5,482.0,5.4,1.0,2.0,3.0,1.0,0.0,0.0,2.0,0.0,0.8,0.8,1.2,1.9,35.0,24.0,70.0,0.19,0.37,0.56,0.19,0.56,0.14,0.22,0.36,0.14,0.36,Manchester-United
Christian Eriksen,dk DEN,MF,32-281,8.0,5,440.0,4.9,0.0,0.0,0.0,0.0,0.0,0.0,2.0,0.0,0.1,0.1,1.7,1.7,3.0,26.0,14.0,0.0,0.0,0.0,0.0,0.0,0.02,0.34,0.35,0.02,0.35,Manchester-United
Rasmus Højlund,dk DEN,FW,21-291,7.0,5,416.0,4.6,1.0,0.0,1.0,1.0,0.0,0.0,0.0,0.0,1.1,1.1,0.3,1.4,6.0,4.0,17.0,0.22,0.0,0.22,0.22,0.22,0.24,0.06,0.29,0.24,0.29,Manchester-United
Joshua Zirkzee,nl NED,FW,23-183,11.0,4,434.0,4.8,1.0,1.0,2.0,1.0,0.0,0.0,1.0,0.0,2.6,2.6,0.6,3.2,2.0,15.0,20.0,0.21,0.21,0.41,0.21,0.41,0.54,0.13,0.67,0.54,0.67,Manchester-United
Manuel Ugarte Ribeiro,uy URU,MF,23-224,6.0,3,281.0,3.1,0.0,0.0,0.0,0.0,0.0,0.0,2.0,0.0,0.0,0.0,0.2,0.2,3.0,10.0,5.0,0.0,0.0,0.0,0.0,0.0,0.0,0.07,0.07,0.0,0.07,Manchester-United
Harry Maguire,eng ENG,DF,31-261,5.0,3,242.0,2.7,0.0,0.0,0.0,0.0,0.0,0.0,3.0,0.0,0.0,0.0,0.0,0.1,1.0,11.0,0.0,0.0,0.0,0.0,0.0,0.0,0.01,0.01,0.02,0.01,0.02,Manchester-United
Jonny Evans,nir NIR,DF,36-323,5.0,2,235.0,2.6,0.0,0.0,0.0,0.0,0.0,0.0,1.0,0.0,0.1,0.1,0.0,0.1,1.0,8.0,2.0,0.0,0.0,0.0,0.0,0.0,0.04,0.0,0.04,0.04,0.04,Manchester-United
Mason Mount,eng ENG,"MF,FW",25-316,3.0,2,145.0,1.6,0.0,0.0,0.0,0.0,0.0,0.0,2.0,0.0,0.4,0.4,0.1,0.5,1.0,4.0,4.0,0.0,0.0,0.0,0.0,0.0,0.24,0.07,0.3,0.24,0.3,Manchester-United
Victor Lindelöf,se SWE,"DF,MF",30-127,4.0,0,62.0,0.7,0.0,0.0,0.0,0.0,0.0,0.0,1.0,0.0,0.0,0.0,0.0,0.0,0.0,5.0,1.0,0.0,0.0,0.0,0.0,0.0,0.0,0.03,0.03,0.0,0.03,Manchester-United
Toby Collyer,eng ENG,MF,20-323,1.0,0,45.0,0.5,0.0,0.0,0.0,0.0,0.0,0.0,0.0,0.0,0.0,0.0,0.1,0.1,0.0,2.0,2.0,0.0,0.0,0.0,0.0,0.0,0.0,0.15,0.15,0.0,0.15,Manchester-United
Antony,br BRA,FW,24-271,2.0,0,28.0,0.3,0.0,0.0,0.0,0.0,0.0,0.0,0.0,0.0,0.1,0.1,0.1,0.2,1.0,0.0,1.0,0.0,0.0,0.0,0.0,0.0,0.47,0.22,0.7,0.47,0.7,Manchester-United
Scott McTominay,sct SCO,MF,27-349,2.0,0,19.0,0.2,0.0,0.0,0.0,0.0,0.0,0.0,0.0,0.0,0.1,0.1,0.0,0.1,0.0,1.0,2.0,0.0,0.0,0.0,0.0,0.0,0.33,0.0,0.33,0.33,0.33,Manchester-United
Harry Amass,eng ENG,DF,17-250,0.0,0,,,,,,,,,,,,,,,,,,,,,,,,,,,,Manchester-United
Altay Bayındır,tr TUR,GK,26-221,0.0,0,,,,,,,,,,,,,,,,,,,,,,,,,,,,Manchester-United
Jayce Fitzgerald,eng ENG,MF,17-196,0.0,0,,,,,,,,,,,,,,,,,,,,,,,,,,,,Manchester-United
Jack Fletcher,eng ENG,MF,17-247,0.0,0,,,,,,,,,,,,,,,,,,,,,,,,,,,,Manchester-United
Tom Heaton,eng ENG,GK,38-220,0.0,0,,,,,,,,,,,,,,,,,,,,,,,,,,,,Manchester-United
Ethan Wheatley,eng ENG,FW,18-306,0.0,0,,,,,,,,,,,,,,,,,,,,,,,,,,,,Manchester-United
Squad Total,,,26.6,11.0,121,990.0,11.0,11.0,10.0,21.0,10.0,1.0,1.0,33.0,1.0,17.4,16.6,14.5,31.1,182.0,448.0,440.0,1.0,0.91,1.91,0.91,1.82,1.58,1.32,2.9,1.51,2.82,Manchester-United
Opponent Total,,,26.8,11.0,121,990.0,11.0,12.0,9.0,21.0,11.0,1.0,2.0,23.0,1.0,16.7,15.2,13.2,28.4,210.0,377.0,373.0,1.09,0.82,1.91,1.0,1.82,1.52,1.2,2.72,1.38,2.58,Manchester-United
Max Kilman,eng ENG,DF,27-182,,11,990.0,11.0,0.0,1.0,1.0,0.0,0.0,0.0,3.0,0.0,0.7,0.7,0.3,0.9,12.0,46.0,2.0,0.0,0.09,0.09,0.0,0.09,0.06,0.03,0.09,0.06,0.09,West-Ham-United
Jarrod Bowen,eng ENG,"MF,FW",27-337,,11,966.0,10.7,3.0,2.0,5.0,2.0,1.0,1.0,0.0,0.0,1.9,1.2,2.9,4.2,42.0,43.0,62.0,0.28,0.19,0.47,0.19,0.37,0.18,0.27,0.46,0.11,0.39,West-Ham-United
Emerson Palmieri,it ITA,DF,30-110,,11,851.0,9.5,0.0,0.0,0.0,0.0,0.0,0.0,3.0,0.0,1.0,1.0,0.8,1.8,14.0,23.0,42.0,0.0,0.0,0.0,0.0,0.0,0.1,0.08,0.19,0.1,0.19,West-Ham-United
Guido Rodríguez,ar ARG,MF,30-223,,11,799.0,8.9,0.0,0.0,0.0,0.0,0.0,0.0,3.0,0.0,0.1,0.1,0.0,0.1,2.0,24.0,4.0,0.0,0.0,0.0,0.0,0.0,0.01,0.0,0.01,0.01,0.01,West-Ham-United
Lucas Paquetá,br BRA,MF,27-086,,10,811.0,9.0,2.0,0.0,2.0,1.0,1.0,1.0,4.0,0.0,2.1,1.3,1.2,2.6,8.0,54.0,27.0,0.22,0.0,0.22,0.11,0.11,0.24,0.13,0.37,0.15,0.28,West-Ham-United
Aaron Wan-Bissaka,eng ENG,DF,26-361,,9,815.0,9.1,0.0,0.0,0.0,0.0,0.0,0.0,0.0,0.0,0.1,0.1,0.3,0.4,30.0,38.0,37.0,0.0,0.0,0.0,0.0,0.0,0.01,0.04,0.04,0.01,0.04,West-Ham-United
Michail Antonio,jm JAM,FW,34-238,,9,669.0,7.4,1.0,1.0,2.0,1.0,0.0,0.0,1.0,0.0,1.9,1.9,1.6,3.5,20.0,14.0,44.0,0.13,0.13,0.27,0.13,0.27,0.26,0.22,0.48,0.26,0.48,West-Ham-United
Alphonse Areola,fr FRA,GK,31-268,,8,675.0,7.5,0.0,0.0,0.0,0.0,0.0,0.0,0.0,0.0,0.0,0.0,0.0,0.0,0.0,0.0,0.0,0.0,0.0,0.0,0.0,0.0,0.0,0.0,0.0,0.0,0.0,West-Ham-United
Mohammed Kudus,gh GHA,"MF,FW",24-111,,8,663.0,7.4,2.0,0.0,2.0,2.0,0.0,0.0,0.0,1.0,2.8,2.8,0.8,3.6,37.0,20.0,66.0,0.27,0.0,0.27,0.27,0.27,0.38,0.11,0.49,0.38,0.49,West-Ham-United
Tomáš Souček,cz CZE,MF,29-268,,7,654.0,7.3,2.0,0.0,2.0,2.0,0.0,0.0,3.0,0.0,2.0,2.0,0.4,2.4,2.0,27.0,19.0,0.28,0.0,0.28,0.28,0.28,0.27,0.06,0.33,0.27,0.33,West-Ham-United
Konstantinos Mavropanos,gr GRE,DF,26-346,,7,650.0,7.2,0.0,0.0,0.0,0.0,0.0,0.0,1.0,0.0,0.2,0.2,0.0,0.2,7.0,17.0,2.0,0.0,0.0,0.0,0.0,0.0,0.03,0.0,0.03,0.03,0.03,West-Ham-United
Jean-Clair Todibo,fr FRA,DF,24-327,,5,503.0,5.6,0.0,0.0,0.0,0.0,0.0,0.0,0.0,0.0,0.1,0.1,0.0,0.1,2.0,7.0,1.0,0.0,0.0,0.0,0.0,0.0,0.02,0.01,0.02,0.02,0.02,West-Ham-United
Edson Álvarez,mx MEX,"MF,DF",27-028,,5,408.0,4.5,0.0,0.0,0.0,0.0,0.0,0.0,4.0,1.0,0.1,0.1,0.1,0.2,4.0,17.0,3.0,0.0,0.0,0.0,0.0,0.0,0.01,0.03,0.04,0.01,0.04,West-Ham-United
Crysencio Summerville,nl NED,"MF,FW",23-022,,3,346.0,3.8,1.0,0.0,1.0,1.0,0.0,0.0,1.0,0.0,0.9,0.9,0.6,1.5,11.0,7.0,29.0,0.26,0.0,0.26,0.26,0.26,0.24,0.15,0.39,0.24,0.39,West-Ham-United
Łukasz Fabiański,pl POL,GK,39-217,,3,315.0,3.5,0.0,0.0,0.0,0.0,0.0,0.0,0.0,0.0,0.0,0.0,0.0,0.0,0.0,0.0,0.0,0.0,0.0,0.0,0.0,0.0,0.0,0.0,0.0,0.0,0.0,West-Ham-United
Vladimír Coufal,cz CZE,DF,32-091,,2,224.0,2.5,0.0,0.0,0.0,0.0,0.0,0.0,1.0,0.0,0.0,0.0,0.1,0.1,4.0,7.0,6.0,0.0,0.0,0.0,0.0,0.0,0.01,0.04,0.05,0.01,0.05,West-Ham-United
Carlos Soler,es ESP,"MF,FW",27-324,,1,268.0,3.0,0.0,0.0,0.0,0.0,0.0,0.0,3.0,0.0,0.2,0.2,0.1,0.4,5.0,12.0,6.0,0.0,0.0,0.0,0.0,0.0,0.08,0.04,0.12,0.08,0.12,West-Ham-United
Danny Ings,eng ENG,"FW,MF",32-121,,0,75.0,0.8,1.0,1.0,2.0,1.0,0.0,0.0,0.0,0.0,1.0,1.0,0.5,1.5,2.0,0.0,8.0,1.2,1.2,2.4,1.2,2.4,1.22,0.63,1.85,1.22,1.85,West-Ham-United
Niclas Füllkrug,de GER,FW,31-286,,0,66.0,0.7,0.0,0.0,0.0,0.0,0.0,0.0,0.0,0.0,0.3,0.3,0.0,0.3,2.0,0.0,3.0,0.0,0.0,0.0,0.0,0.0,0.35,0.0,0.35,0.35,0.35,West-Ham-United
Andy Irving,sct SCO,MF,24-192,,0,31.0,0.3,0.0,0.0,0.0,0.0,0.0,0.0,1.0,0.0,0.0,0.0,0.0,0.0,0.0,2.0,0.0,0.0,0.0,0.0,0.0,0.0,0.1,0.0,0.1,0.1,0.1,West-Ham-United
Aaron Cresswell,eng ENG,DF,34-342,,0,29.0,0.3,0.0,0.0,0.0,0.0,0.0,0.0,1.0,0.0,0.0,0.0,0.0,0.1,1.0,3.0,1.0,0.0,0.0,0.0,0.0,0.0,0.11,0.11,0.22,0.11,0.22,West-Ham-United
James Ward-Prowse,eng ENG,MF,30-020,,0,18.0,0.2,0.0,0.0,0.0,0.0,0.0,0.0,0.0,0.0,0.0,0.0,0.0,0.0,1.0,4.0,0.0,0.0,0.0,0.0,0.0,0.0,0.0,0.0,0.0,0.0,0.0,West-Ham-United
Luis Guilherme,br BRA,MF,18-286,,0,13.0,0.1,0.0,0.0,0.0,0.0,0.0,0.0,0.0,0.0,0.0,0.0,0.0,0.0,0.0,0.0,1.0,0.0,0.0,0.0,0.0,0.0,0.0,0.0,0.0,0.0,0.0,West-Ham-United
Kaelan Casey,eng ENG,DF,20-024,,0,,,,,,,,,,,,,,,,,,,,,,,,,,,,West-Ham-United
Wes Foderingham,eng ENG,GK,33-312,,0,,,,,,,,,,,,,,,,,,,,,,,,,,,,West-Ham-United
Oliver Scarles,eng ENG,MF,18-345,,0,,,,,,,,,,,,,,,,,,,,,,,,,,,,West-Ham-United
Squad Total,,,28.8,,121,990.0,11.0,12.0,5.0,17.0,10.0,2.0,2.0,29.0,2.0,15.1,13.5,9.8,23.3,206.0,365.0,363.0,1.09,0.45,1.55,0.91,1.36,1.37,0.89,2.26,1.23,2.12,West-Ham-United
Opponent Total,,,26.7,,121,990.0,11.0,18.0,16.0,34.0,18.0,0.0,0.0,17.0,0.0,18.4,18.4,16.3,34.7,239.0,461.0,459.0,1.64,1.45,3.09,1.64,3.09,1.68,1.48,3.16,1.68,3.16,West-Ham-United
Wout Faes,be BEL,DF,26-232,11.0,11,990.0,11.0,1.0,0.0,1.0,1.0,0.0,0.0,1.0,0.0,0.9,0.9,0.0,1.0,4.0,42.0,1.0,0.09,0.0,0.09,0.09,0.09,0.09,0.0,0.09,0.09,0.09,Leicester-City
Mads Hermansen,dk DEN,GK,24-133,11.0,11,990.0,11.0,0.0,0.0,0.0,0.0,0.0,0.0,0.0,0.0,0.0,0.0,0.0,0.0,0.0,0.0,0.0,0.0,0.0,0.0,0.0,0.0,0.0,0.0,0.0,0.0,0.0,Leicester-City
Wilfred Ndidi,ng NGA,MF,27-341,11.0,11,914.0,10.2,0.0,4.0,4.0,0.0,0.0,0.0,3.0,0.0,0.8,0.8,1.4,2.2,9.0,34.0,47.0,0.0,0.39,0.39,0.0,0.39,0.08,0.13,0.22,0.08,0.22,Leicester-City
James Justin,eng ENG,DF,26-272,10.0,10,892.0,9.9,2.0,1.0,3.0,2.0,0.0,0.0,1.0,0.0,0.4,0.4,0.3,0.7,10.0,26.0,24.0,0.2,0.1,0.3,0.2,0.3,0.04,0.03,0.07,0.04,0.07,Leicester-City
Victor Bernth Kristiansen,dk DEN,DF,21-341,10.0,10,857.0,9.5,0.0,0.0,0.0,0.0,0.0,0.0,1.0,0.0,0.0,0.0,0.4,0.4,14.0,26.0,23.0,0.0,0.0,0.0,0.0,0.0,0.0,0.04,0.04,0.0,0.04,Leicester-City
Jamie Vardy,eng ENG,FW,37-315,10.0,10,843.0,9.4,4.0,1.0,5.0,3.0,1.0,1.0,3.0,0.0,3.5,2.7,0.6,3.4,8.0,8.0,36.0,0.43,0.11,0.53,0.32,0.43,0.37,0.07,0.44,0.29,0.36,Leicester-City
Harry Winks,eng ENG,MF,28-293,10.0,9,855.0,9.5,0.0,2.0,2.0,0.0,0.0,0.0,3.0,0.0,0.2,0.2,1.0,1.2,12.0,59.0,8.0,0.0,0.21,0.21,0.0,0.21,0.02,0.11,0.13,0.02,0.13,Leicester-City
Facundo Buonanotte,ar ARG,"MF,FW",19-334,10.0,8,731.0,8.1,3.0,2.0,5.0,3.0,0.0,0.0,5.0,0.0,2.4,2.4,2.2,4.6,21.0,28.0,40.0,0.37,0.25,0.62,0.37,0.62,0.29,0.27,0.57,0.29,0.57,Leicester-City
Caleb Okoli,it ITA,DF,23-131,7.0,7,628.0,7.0,0.0,0.0,0.0,0.0,0.0,0.0,1.0,0.0,0.1,0.1,0.0,0.1,3.0,20.0,1.0,0.0,0.0,0.0,0.0,0.0,0.02,0.0,0.02,0.02,0.02,Leicester-City
Stephy Mavididi,eng ENG,FW,26-174,10.0,7,609.0,6.8,2.0,0.0,2.0,2.0,0.0,0.0,2.0,0.0,1.0,1.0,0.8,1.7,28.0,25.0,51.0,0.3,0.0,0.3,0.3,0.3,0.14,0.12,0.26,0.14,0.26,Leicester-City
Abdul Fatawu Issahaku,gh GHA,FW,20-258,11.0,6,579.0,6.4,0.0,2.0,2.0,0.0,0.0,0.0,0.0,0.0,0.4,0.4,1.6,2.0,42.0,17.0,60.0,0.0,0.31,0.31,0.0,0.31,0.06,0.24,0.31,0.06,0.31,Leicester-City
Jordan Ayew,gh GHA,"FW,MF",33-071,10.0,5,497.0,5.5,2.0,0.0,2.0,2.0,0.0,0.0,3.0,0.0,1.2,1.2,0.1,1.3,8.0,11.0,24.0,0.36,0.0,0.36,0.36,0.36,0.22,0.02,0.24,0.22,0.24,Leicester-City
Oliver Skipp,eng ENG,MF,24-066,6.0,5,401.0,4.5,0.0,0.0,0.0,0.0,0.0,0.0,2.0,0.0,0.0,0.0,0.1,0.1,6.0,13.0,3.0,0.0,0.0,0.0,0.0,0.0,0.01,0.02,0.03,0.01,0.03,Leicester-City
Jannik Vestergaard,dk DEN,DF,32-110,4.0,4,360.0,4.0,0.0,0.0,0.0,0.0,0.0,0.0,1.0,0.0,0.0,0.0,0.0,0.0,1.0,10.0,1.0,0.0,0.0,0.0,0.0,0.0,0.0,0.0,0.01,0.0,0.01,Leicester-City
Bilal El Khannouss,ma MAR,"MF,FW",20-195,7.0,2,202.0,2.2,0.0,0.0,0.0,0.0,0.0,0.0,0.0,0.0,0.1,0.1,0.6,0.7,6.0,16.0,11.0,0.0,0.0,0.0,0.0,0.0,0.04,0.26,0.29,0.04,0.29,Leicester-City
Bobby Reid,jm JAM,FW,31-293,6.0,2,162.0,1.8,0.0,0.0,0.0,0.0,0.0,0.0,0.0,0.0,0.1,0.1,0.1,0.2,5.0,3.0,9.0,0.0,0.0,0.0,0.0,0.0,0.06,0.07,0.13,0.06,0.13,Leicester-City
Ricardo Pereira,pt POR,DF,31-046,2.0,2,146.0,1.6,0.0,0.0,0.0,0.0,0.0,0.0,1.0,0.0,0.0,0.0,0.0,0.0,1.0,5.0,3.0,0.0,0.0,0.0,0.0,0.0,0.0,0.0,0.0,0.0,0.0,Leicester-City
Boubakary Soumaré,fr FRA,MF,25-268,5.0,1,142.0,1.6,0.0,0.0,0.0,0.0,0.0,0.0,2.0,0.0,0.0,0.0,0.0,0.1,2.0,9.0,2.0,0.0,0.0,0.0,0.0,0.0,0.03,0.01,0.04,0.03,0.04,Leicester-City
Kasey McAteer,ie IRL,"FW,DF",22-365,5.0,0,40.0,0.4,0.0,0.0,0.0,0.0,0.0,0.0,0.0,0.0,0.0,0.0,0.0,0.0,1.0,0.0,5.0,0.0,0.0,0.0,0.0,0.0,0.1,0.0,0.1,0.1,0.1,Leicester-City
Odsonne Édouard,fr FRA,FW,26-310,4.0,0,29.0,0.3,0.0,0.0,0.0,0.0,0.0,0.0,0.0,0.0,0.0,0.0,0.0,0.0,0.0,1.0,2.0,0.0,0.0,0.0,0.0,0.0,0.0,0.13,0.13,0.0,0.13,Leicester-City
Hamza Choudhury,eng ENG,MF,27-051,1.0,0,15.0,0.2,0.0,0.0,0.0,0.0,0.0,0.0,0.0,0.0,0.0,0.0,0.0,0.0,0.0,0.0,0.0,0.0,0.0,0.0,0.0,0.0,0.0,0.0,0.0,0.0,0.0,Leicester-City
Conor Coady,eng ENG,DF,31-270,1.0,0,8.0,0.1,0.0,0.0,0.0,0.0,0.0,0.0,1.0,0.0,0.0,0.0,0.0,0.0,0.0,0.0,0.0,0.0,0.0,0.0,0.0,0.0,0.0,0.0,0.0,0.0,0.0,Leicester-City
Thomas Cannon,ie IRL,FW,21-329,0.0,0,,,,,,,,,,,,,,,,,,,,,,,,,,,,Leicester-City
Daniel Iversen,dk DEN,GK,27-125,0.0,0,,,,,,,,,,,,,,,,,,,,,,,,,,,,Leicester-City
Benjamin Nelson,eng ENG,DF,20-248,0.0,0,,,,,,,,,,,,,,,,,,,,,,,,,,,,Leicester-City
Luke Thomas,eng ENG,"DF,MF",23-164,0.0,0,,,,,,,,,,,,,,,,,,,,,,,,,,,,Leicester-City
Danny Ward,wls WAL,GK,31-152,0.0,0,,,,,,,,,,,,,,,,,,,,,,,,,,,,Leicester-City
Squad Total,,,26.7,11.0,121,990.0,11.0,14.0,12.0,26.0,13.0,1.0,1.0,30.0,0.0,11.1,10.4,9.2,19.6,181.0,353.0,351.0,1.27,1.09,2.36,1.18,2.27,1.01,0.84,1.84,0.95,1.78,Leicester-City
Opponent Total,,,26.7,11.0,121,990.0,11.0,19.0,14.0,33.0,18.0,1.0,1.0,27.0,2.0,20.0,19.2,14.3,33.6,214.0,520.0,513.0,1.73,1.27,3.0,1.64,2.91,1.82,1.3,3.12,1.75,3.05,Leicester-City
Jordan Pickford,eng ENG,GK,30-259,,11,990.0,11.0,0.0,0.0,0.0,0.0,0.0,0.0,1.0,0.0,0.0,0.0,0.0,0.0,0.0,0.0,0.0,0.0,0.0,0.0,0.0,0.0,0.0,0.0,0.0,0.0,0.0,Everton
James Tarkowski,eng ENG,DF,32-002,,11,990.0,11.0,0.0,0.0,0.0,0.0,0.0,0.0,3.0,0.0,0.7,0.7,1.2,1.9,2.0,17.0,1.0,0.0,0.0,0.0,0.0,0.0,0.06,0.11,0.17,0.06,0.17,Everton
Dominic Calvert-Lewin,eng ENG,FW,27-250,,11,898.0,10.0,2.0,1.0,3.0,2.0,0.0,0.0,1.0,0.0,3.7,3.7,0.3,4.0,11.0,11.0,65.0,0.2,0.1,0.3,0.2,0.3,0.37,0.03,0.4,0.37,0.4,Everton
Dwight McNeil,eng ENG,"MF,FW",24-365,,10,887.0,9.9,3.0,3.0,6.0,3.0,0.0,0.0,1.0,0.0,0.7,0.7,2.9,3.6,20.0,45.0,44.0,0.3,0.3,0.61,0.3,0.61,0.07,0.3,0.37,0.07,0.37,Everton
Michael Keane,eng ENG,DF,31-315,,9,810.0,9.0,2.0,0.0,2.0,2.0,0.0,0.0,4.0,0.0,0.4,0.4,0.1,0.5,1.0,12.0,3.0,0.22,0.0,0.22,0.22,0.22,0.05,0.01,0.06,0.05,0.06,Everton
Iliman Ndiaye,sn SEN,FW,24-260,,9,806.0,9.0,2.0,0.0,2.0,2.0,0.0,0.0,1.0,0.0,0.9,0.9,0.4,1.3,37.0,18.0,41.0,0.22,0.0,0.22,0.22,0.22,0.1,0.05,0.15,0.1,0.15,Everton
Ashley Young,eng ENG,DF,39-135,,9,785.0,8.7,0.0,3.0,3.0,0.0,0.0,0.0,2.0,1.0,0.1,0.1,0.9,1.0,8.0,53.0,6.0,0.0,0.34,0.34,0.0,0.34,0.01,0.1,0.11,0.01,0.11,Everton
Vitaliy Mykolenko,ua UKR,DF,25-176,,9,745.0,8.3,0.0,0.0,0.0,0.0,0.0,0.0,0.0,0.0,0.1,0.1,0.3,0.3,7.0,28.0,20.0,0.0,0.0,0.0,0.0,0.0,0.01,0.03,0.04,0.01,0.04,Everton
Idrissa Gana Gueye,sn SEN,MF,35-056,,8,734.0,8.2,0.0,0.0,0.0,0.0,0.0,0.0,1.0,0.0,0.7,0.7,0.4,1.1,8.0,37.0,5.0,0.0,0.0,0.0,0.0,0.0,0.08,0.05,0.13,0.08,0.13,Everton
Abdoulaye Doucouré,ml MLI,MF,31-325,,8,650.0,7.2,0.0,0.0,0.0,0.0,0.0,0.0,0.0,0.0,0.5,0.5,0.4,0.8,8.0,24.0,18.0,0.0,0.0,0.0,0.0,0.0,0.06,0.05,0.12,0.06,0.12,Everton
Jack Harrison,eng ENG,FW,28-001,,7,626.0,7.0,0.0,0.0,0.0,0.0,0.0,0.0,0.0,0.0,1.2,1.2,1.5,2.7,17.0,13.0,48.0,0.0,0.0,0.0,0.0,0.0,0.17,0.22,0.39,0.17,0.39,Everton
Orel Mangala,be BEL,MF,26-248,,5,455.0,5.1,0.0,0.0,0.0,0.0,0.0,0.0,0.0,0.0,0.3,0.3,0.4,0.7,3.0,17.0,5.0,0.0,0.0,0.0,0.0,0.0,0.06,0.08,0.14,0.06,0.14,Everton
Tim Iroegbunam,eng ENG,MF,21-144,,4,383.0,4.3,0.0,0.0,0.0,0.0,0.0,0.0,2.0,0.0,0.2,0.2,0.1,0.3,5.0,10.0,7.0,0.0,0.0,0.0,0.0,0.0,0.05,0.02,0.07,0.05,0.07,Everton
Jesper Lindstrøm,dk DEN,FW,24-266,,4,349.0,3.9,0.0,0.0,0.0,0.0,0.0,0.0,0.0,0.0,1.1,1.1,0.7,1.8,9.0,4.0,26.0,0.0,0.0,0.0,0.0,0.0,0.27,0.19,0.46,0.27,0.46,Everton
James Garner,eng ENG,"DF,MF",23-253,,2,253.0,2.8,0.0,0.0,0.0,0.0,0.0,0.0,1.0,0.0,0.0,0.0,0.0,0.1,1.0,3.0,4.0,0.0,0.0,0.0,0.0,0.0,0.02,0.01,0.02,0.02,0.02,Everton
Jarrad Branthwaite,eng ENG,DF,22-147,,2,188.0,2.1,0.0,0.0,0.0,0.0,0.0,0.0,0.0,0.0,0.0,0.0,0.0,0.0,1.0,2.0,1.0,0.0,0.0,0.0,0.0,0.0,0.0,0.0,0.0,0.0,0.0,Everton
Séamus Coleman,ie IRL,DF,36-041,,1,90.0,1.0,0.0,0.0,0.0,0.0,0.0,0.0,0.0,0.0,0.6,0.6,0.0,0.6,0.0,6.0,2.0,0.0,0.0,0.0,0.0,0.0,0.57,0.0,0.57,0.57,0.57,Everton
Roman Dixon,eng ENG,DF,19-331,,1,90.0,1.0,0.0,0.0,0.0,0.0,0.0,0.0,0.0,0.0,0.0,0.0,0.0,0.0,0.0,0.0,1.0,0.0,0.0,0.0,0.0,0.0,0.0,0.0,0.0,0.0,0.0,Everton
Beto,gw GNB,FW,26-295,,0,102.0,1.1,1.0,0.0,1.0,1.0,0.0,0.0,0.0,0.0,1.1,1.1,0.0,1.1,3.0,1.0,3.0,0.88,0.0,0.88,0.88,0.88,0.95,0.0,0.95,0.95,0.95,Everton
Jake O'Brien,ie IRL,DF,23-190,,0,27.0,0.3,0.0,0.0,0.0,0.0,0.0,0.0,1.0,0.0,0.0,0.0,0.0,0.0,0.0,1.0,0.0,0.0,0.0,0.0,0.0,0.0,0.0,0.0,0.0,0.0,0.0,Everton
Mason Holgate,eng ENG,"FW,DF",28-030,,0,6.0,0.1,0.0,0.0,0.0,0.0,0.0,0.0,0.0,0.0,0.0,0.0,0.0,0.0,0.0,0.0,0.0,0.0,0.0,0.0,0.0,0.0,0.0,0.0,0.0,0.0,0.0,Everton
Harrison Armstrong,eng ENG,MF,17-307,,0,1.0,0.0,0.0,0.0,0.0,0.0,0.0,0.0,0.0,0.0,0.0,0.0,0.0,0.0,0.0,0.0,0.0,0.0,0.0,0.0,0.0,0.0,0.0,0.0,0.0,0.0,0.0,Everton
Callum Bates,eng ENG,MF,19-054,,0,,,,,,,,,,,,,,,,,,,,,,,,,,,,Everton
Asmir Begović,ba BIH,GK,37-154,,0,,,,,,,,,,,,,,,,,,,,,,,,,,,,Everton
Neal Maupay,fr FRA,"FW,MF",28-099,,0,,,,,,,,,,,,,,,,,,,,,,,,,,,,Everton
Jenson Metcalfe,eng ENG,MF,20-076,,0,,,,,,,,,,,,,,,,,,,,,,,,,,,,Everton
Nathan Patterson,sct SCO,DF,23-036,,0,,,,,,,,,,,,,,,,,,,,,,,,,,,,Everton
João Virgínia,pt POR,GK,25-042,,0,,,,,,,,,,,,,,,,,,,,,,,,,,,,Everton
Squad Total,,,29.1,,121,990.0,11.0,10.0,7.0,17.0,10.0,0.0,0.0,18.0,1.0,11.9,11.9,9.4,21.4,141.0,302.0,300.0,0.91,0.64,1.55,0.91,1.55,1.08,0.86,1.94,1.08,1.94,Everton
Opponent Total,,,27.1,,121,990.0,11.0,17.0,14.0,31.0,17.0,0.0,1.0,12.0,0.0,16.0,15.2,12.7,27.8,204.0,494.0,490.0,1.55,1.27,2.82,1.55,2.82,1.45,1.15,2.6,1.38,2.53,Everton
Leif Davis,eng ENG,DF,24-314,11.0,11,990.0,11.0,1.0,2.0,3.0,1.0,0.0,0.0,2.0,0.0,0.6,0.6,2.1,2.7,19.0,25.0,44.0,0.09,0.18,0.27,0.09,0.27,0.05,0.19,0.24,0.05,0.24,Ipswich-Town
Arijanet Muric,xk KVX,GK,26-014,10.0,10,900.0,10.0,0.0,0.0,0.0,0.0,0.0,0.0,1.0,0.0,0.0,0.0,0.0,0.0,0.0,0.0,0.0,0.0,0.0,0.0,0.0,0.0,0.0,0.0,0.0,0.0,0.0,Ipswich-Town
Sam Morsy,eg EGY,MF,33-072,10.0,10,893.0,9.9,1.0,1.0,2.0,1.0,0.0,0.0,4.0,0.0,0.2,0.2,0.3,0.5,4.0,45.0,4.0,0.1,0.1,0.2,0.1,0.2,0.02,0.03,0.05,0.02,0.05,Ipswich-Town
Omari Hutchinson,eng ENG,"MF,FW",21-022,10.0,10,874.0,9.7,0.0,1.0,1.0,0.0,0.0,0.0,4.0,0.0,0.7,0.7,1.3,2.0,30.0,25.0,53.0,0.0,0.1,0.1,0.0,0.1,0.07,0.14,0.21,0.07,0.21,Ipswich-Town
Liam Delap,eng ENG,FW,21-287,11.0,10,775.0,8.6,6.0,1.0,7.0,6.0,0.0,0.0,3.0,0.0,2.4,2.4,0.6,3.1,19.0,9.0,33.0,0.7,0.12,0.81,0.7,0.81,0.28,0.08,0.35,0.28,0.35,Ipswich-Town
Dara O'Shea,ie IRL,DF,25-262,8.0,8,692.0,7.7,0.0,0.0,0.0,0.0,0.0,0.0,1.0,0.0,0.5,0.5,0.0,0.5,1.0,20.0,0.0,0.0,0.0,0.0,0.0,0.0,0.07,0.0,0.07,0.07,0.07,Ipswich-Town
Jacob Greaves,eng ENG,DF,24-070,7.0,7,630.0,7.0,0.0,0.0,0.0,0.0,0.0,0.0,1.0,0.0,0.4,0.4,0.0,0.4,1.0,14.0,2.0,0.0,0.0,0.0,0.0,0.0,0.06,0.0,0.06,0.06,0.06,Ipswich-Town
Axel Tuanzebe,cd COD,DF,27-007,7.0,7,602.0,6.7,0.0,0.0,0.0,0.0,0.0,0.0,2.0,0.0,0.2,0.2,0.2,0.4,4.0,16.0,2.0,0.0,0.0,0.0,0.0,0.0,0.03,0.04,0.06,0.03,0.06,Ipswich-Town
Sammie Szmodics,ie IRL,"FW,MF",29-058,11.0,7,539.0,6.0,3.0,0.0,3.0,3.0,0.0,0.0,1.0,0.0,2.4,2.4,0.1,2.6,8.0,11.0,31.0,0.5,0.0,0.5,0.5,0.5,0.41,0.02,0.43,0.41,0.43,Ipswich-Town
Kalvin Phillips,eng ENG,MF,28-355,7.0,7,537.0,6.0,0.0,0.0,0.0,0.0,0.0,0.0,3.0,1.0,0.3,0.3,0.1,0.4,4.0,27.0,1.0,0.0,0.0,0.0,0.0,0.0,0.05,0.02,0.07,0.05,0.07,Ipswich-Town
Wes Burns,wls WAL,FW,29-364,8.0,5,409.0,4.5,0.0,0.0,0.0,0.0,0.0,0.0,1.0,0.0,0.2,0.2,1.0,1.2,15.0,2.0,36.0,0.0,0.0,0.0,0.0,0.0,0.05,0.22,0.27,0.05,0.27,Ipswich-Town
Ben Johnson,eng ENG,"DF,FW",24-302,6.0,4,403.0,4.5,0.0,1.0,1.0,0.0,0.0,0.0,1.0,0.0,0.0,0.0,0.4,0.4,6.0,12.0,8.0,0.0,0.22,0.22,0.0,0.22,0.01,0.09,0.09,0.01,0.09,Ipswich-Town
Luke Woolfenden,eng ENG,DF,26-031,5.0,4,378.0,4.2,0.0,0.0,0.0,0.0,0.0,0.0,1.0,0.0,0.0,0.0,0.0,0.0,3.0,9.0,0.0,0.0,0.0,0.0,0.0,0.0,0.01,0.0,0.01,0.01,0.01,Ipswich-Town
Cameron Burgess,au AUS,DF,29-031,4.0,4,360.0,4.0,0.0,0.0,0.0,0.0,0.0,0.0,0.0,0.0,0.2,0.2,0.0,0.3,2.0,15.0,1.0,0.0,0.0,0.0,0.0,0.0,0.06,0.01,0.07,0.06,0.07,Ipswich-Town
Jack Clarke,eng ENG,FW,23-364,9.0,3,359.0,4.0,0.0,1.0,1.0,0.0,0.0,0.0,1.0,0.0,0.6,0.6,0.8,1.3,6.0,8.0,18.0,0.0,0.25,0.25,0.0,0.25,0.14,0.2,0.34,0.14,0.34,Ipswich-Town
Conor Chaplin,eng ENG,"MF,FW",27-279,9.0,3,281.0,3.1,0.0,1.0,1.0,0.0,0.0,0.0,1.0,0.0,0.3,0.3,0.4,0.7,3.0,13.0,10.0,0.0,0.32,0.32,0.0,0.32,0.1,0.12,0.22,0.1,0.22,Ipswich-Town
Jens Cajuste,se SWE,MF,25-103,5.0,3,268.0,3.0,0.0,0.0,0.0,0.0,0.0,0.0,1.0,0.0,0.0,0.0,0.1,0.1,4.0,5.0,3.0,0.0,0.0,0.0,0.0,0.0,0.01,0.03,0.03,0.01,0.03,Ipswich-Town
Chiedozie Ogbene,ie IRL,FW,27-204,5.0,3,238.0,2.6,0.0,0.0,0.0,0.0,0.0,0.0,0.0,0.0,0.0,0.0,0.1,0.1,7.0,0.0,15.0,0.0,0.0,0.0,0.0,0.0,0.0,0.03,0.03,0.0,0.03,Ipswich-Town
Massimo Luongo,au AUS,MF,32-057,5.0,2,143.0,1.6,0.0,0.0,0.0,0.0,0.0,0.0,0.0,0.0,0.0,0.0,0.0,0.0,0.0,4.0,1.0,0.0,0.0,0.0,0.0,0.0,0.0,0.0,0.0,0.0,0.0,Ipswich-Town
George Hirst,eng ENG,FW,25-280,8.0,1,180.0,2.0,1.0,1.0,2.0,1.0,0.0,0.0,1.0,0.0,0.8,0.8,0.3,1.0,3.0,7.0,14.0,0.5,0.5,1.0,0.5,1.0,0.38,0.13,0.51,0.38,0.51,Ipswich-Town
Harry Clarke,eng ENG,DF,23-264,2.0,1,96.0,1.1,0.0,0.0,0.0,0.0,0.0,0.0,2.0,1.0,0.0,0.0,0.0,0.0,2.0,6.0,0.0,0.0,0.0,0.0,0.0,0.0,0.0,0.0,0.0,0.0,0.0,Ipswich-Town
Christian Walton,eng ENG,GK,29-012,1.0,1,90.0,1.0,0.0,0.0,0.0,0.0,0.0,0.0,0.0,0.0,0.0,0.0,0.0,0.0,0.0,0.0,0.0,0.0,0.0,0.0,0.0,0.0,0.0,0.0,0.0,0.0,0.0,Ipswich-Town
Jack Taylor,ie IRL,MF,26-151,6.0,0,134.0,1.5,0.0,0.0,0.0,0.0,0.0,0.0,2.0,0.0,0.3,0.3,0.0,0.3,2.0,12.0,4.0,0.0,0.0,0.0,0.0,0.0,0.2,0.0,0.2,0.2,0.2,Ipswich-Town
Marcus Harness,eng ENG,MF,28-271,2.0,0,45.0,0.5,0.0,0.0,0.0,0.0,0.0,0.0,0.0,0.0,0.0,0.0,0.0,0.0,0.0,2.0,1.0,0.0,0.0,0.0,0.0,0.0,0.0,0.0,0.0,0.0,0.0,Ipswich-Town
Ali Al Hamadi,iq IRQ,FW,22-265,3.0,0,35.0,0.4,0.0,0.0,0.0,0.0,0.0,0.0,2.0,0.0,0.0,0.0,0.0,0.0,0.0,0.0,3.0,0.0,0.0,0.0,0.0,0.0,0.0,0.12,0.12,0.0,0.12,Ipswich-Town
George Edmundson,eng ENG,DF,27-082,1.0,0,2.0,0.0,0.0,0.0,0.0,0.0,0.0,0.0,0.0,0.0,0.0,0.0,0.0,0.0,0.0,0.0,0.0,0.0,0.0,0.0,0.0,0.0,0.0,0.0,0.0,0.0,0.0,Ipswich-Town
Conor Townsend,eng ENG,MF,31-262,1.0,0,1.0,0.0,0.0,0.0,0.0,0.0,0.0,0.0,0.0,0.0,0.0,0.0,0.0,0.0,0.0,0.0,0.0,0.0,0.0,0.0,0.0,0.0,0.0,1.6,1.6,0.0,1.6,Ipswich-Town
Nathan Broadhead,wls WAL,"FW,MF",26-230,0.0,0,,,,,,,,,,,,,,,,,,,,,,,,,,,,Ipswich-Town
Cieran Slicker,sct SCO,GK,22-067,0.0,0,,,,,,,,,,,,,,,,,,,,,,,,,,,,Ipswich-Town
Squad Total,,,26.3,11.0,121,990.0,11.0,12.0,9.0,21.0,12.0,0.0,0.0,35.0,2.0,10.1,10.1,7.8,17.9,143.0,287.0,284.0,1.09,0.82,1.91,1.09,1.91,0.92,0.71,1.63,0.92,1.63,Ipswich-Town
Opponent Total,,,27.2,11.0,121,990.0,11.0,22.0,13.0,35.0,20.0,2.0,2.0,19.0,0.0,24.2,22.6,17.4,40.0,243.0,473.0,470.0,2.0,1.18,3.18,1.82,3.0,2.2,1.58,3.78,2.05,3.63,Ipswich-Town
Marc Guéhi,eng ENG,DF,24-131,,11,990.0,11.0,2.0,0.0,2.0,2.0,0.0,0.0,1.0,0.0,1.1,1.1,0.1,1.2,5.0,47.0,1.0,0.18,0.0,0.18,0.18,0.18,0.1,0.01,0.11,0.1,0.11,Crystal-Palace
Dean Henderson,eng ENG,GK,27-254,,11,990.0,11.0,0.0,0.0,0.0,0.0,0.0,0.0,1.0,0.0,0.0,0.0,0.0,0.0,0.0,0.0,0.0,0.0,0.0,0.0,0.0,0.0,0.0,0.0,0.0,0.0,0.0,Crystal-Palace
Tyrick Mitchell,eng ENG,"DF,MF",25-081,,11,940.0,10.4,0.0,1.0,1.0,0.0,0.0,0.0,0.0,0.0,0.3,0.3,1.8,2.1,21.0,27.0,74.0,0.0,0.1,0.1,0.0,0.1,0.03,0.17,0.2,0.03,0.2,Crystal-Palace
Daniel Muñoz,co COL,"DF,MF",28-179,,11,903.0,10.0,0.0,1.0,1.0,0.0,0.0,0.0,4.0,0.0,1.3,1.3,1.5,2.8,16.0,26.0,71.0,0.0,0.1,0.1,0.0,0.1,0.13,0.15,0.27,0.13,0.27,Crystal-Palace
Eberechi Eze,eng ENG,"MF,FW",26-145,,9,809.0,9.0,1.0,1.0,2.0,1.0,0.0,0.0,0.0,0.0,3.0,3.0,1.0,4.0,27.0,45.0,58.0,0.11,0.11,0.22,0.11,0.22,0.33,0.11,0.45,0.33,0.45,Crystal-Palace
Jean-Philippe Mateta,fr FRA,FW,27-146,,9,754.0,8.4,3.0,0.0,3.0,2.0,1.0,1.0,1.0,0.0,3.1,2.3,0.8,3.1,5.0,15.0,29.0,0.36,0.0,0.36,0.24,0.24,0.37,0.1,0.47,0.27,0.37,Crystal-Palace
Maxence Lacroix,fr FRA,DF,24-229,,8,720.0,8.0,0.0,1.0,1.0,0.0,0.0,0.0,3.0,0.0,0.3,0.3,0.3,0.6,2.0,18.0,0.0,0.0,0.12,0.12,0.0,0.12,0.03,0.04,0.07,0.03,0.07,Crystal-Palace
Adam Wharton,eng ENG,MF,20-172,,8,622.0,6.9,0.0,0.0,0.0,0.0,0.0,0.0,0.0,0.0,0.2,0.2,0.6,0.8,6.0,61.0,6.0,0.0,0.0,0.0,0.0,0.0,0.03,0.09,0.12,0.03,0.12,Crystal-Palace
Daichi Kamada,jp JPN,MF,28-108,,7,620.0,6.9,0.0,0.0,0.0,0.0,0.0,0.0,2.0,1.0,0.6,0.6,0.6,1.2,13.0,39.0,29.0,0.0,0.0,0.0,0.0,0.0,0.08,0.09,0.17,0.08,0.17,Crystal-Palace
Eddie Nketiah,eng ENG,"MF,FW",25-175,,6,489.0,5.4,0.0,0.0,0.0,0.0,0.0,0.0,1.0,0.0,0.9,0.9,0.7,1.6,21.0,8.0,38.0,0.0,0.0,0.0,0.0,0.0,0.17,0.13,0.3,0.17,0.3,Crystal-Palace
Trevoh Chalobah,eng ENG,DF,25-139,,5,447.0,5.0,1.0,0.0,1.0,1.0,0.0,0.0,0.0,0.0,0.4,0.4,0.3,0.6,4.0,12.0,3.0,0.2,0.0,0.2,0.2,0.2,0.08,0.05,0.13,0.08,0.13,Crystal-Palace
Jefferson Lerma,co COL,"MF,DF",30-027,,5,415.0,4.6,0.0,0.0,0.0,0.0,0.0,0.0,3.0,0.0,0.1,0.1,0.8,0.9,2.0,26.0,11.0,0.0,0.0,0.0,0.0,0.0,0.02,0.18,0.2,0.02,0.2,Crystal-Palace
Ismaila Sarr,sn SEN,"MF,FW",26-270,,4,482.0,5.4,0.0,0.0,0.0,0.0,0.0,0.0,1.0,0.0,1.1,1.1,1.5,2.6,13.0,9.0,38.0,0.0,0.0,0.0,0.0,0.0,0.21,0.28,0.49,0.21,0.49,Crystal-Palace
Will Hughes,eng ENG,MF,29-218,,4,456.0,5.1,0.0,0.0,0.0,0.0,0.0,0.0,5.0,0.0,0.4,0.4,0.2,0.6,9.0,26.0,12.0,0.0,0.0,0.0,0.0,0.0,0.07,0.05,0.12,0.07,0.12,Crystal-Palace
Chris Richards,us USA,DF,24-238,,4,344.0,3.8,0.0,0.0,0.0,0.0,0.0,0.0,1.0,0.0,0.1,0.1,0.0,0.1,2.0,5.0,1.0,0.0,0.0,0.0,0.0,0.0,0.03,0.0,0.03,0.03,0.03,Crystal-Palace
Nathaniel Clyne,eng ENG,"DF,MF",33-230,,3,295.0,3.3,0.0,0.0,0.0,0.0,0.0,0.0,0.0,0.0,0.0,0.0,0.0,0.0,2.0,6.0,5.0,0.0,0.0,0.0,0.0,0.0,0.0,0.0,0.0,0.0,0.0,Crystal-Palace
Cheick Doucouré,ml MLI,MF,24-318,,1,133.0,1.5,0.0,0.0,0.0,0.0,0.0,0.0,0.0,0.0,0.1,0.1,0.0,0.1,1.0,7.0,0.0,0.0,0.0,0.0,0.0,0.0,0.04,0.0,0.04,0.04,0.04,Crystal-Palace
Odsonne Édouard,fr FRA,"MF,FW",26-310,,1,115.0,1.3,0.0,0.0,0.0,0.0,0.0,0.0,0.0,0.0,0.4,0.4,0.0,0.4,2.0,4.0,7.0,0.0,0.0,0.0,0.0,0.0,0.31,0.04,0.34,0.31,0.34,Crystal-Palace
Joachim Andersen,dk DEN,DF,28-174,,1,90.0,1.0,0.0,0.0,0.0,0.0,0.0,0.0,1.0,0.0,0.0,0.0,0.0,0.0,1.0,4.0,1.0,0.0,0.0,0.0,0.0,0.0,0.04,0.0,0.04,0.04,0.04,Crystal-Palace
Chadi Riad,ma MAR,DF,21-157,,1,90.0,1.0,0.0,0.0,0.0,0.0,0.0,0.0,0.0,0.0,0.0,0.0,0.0,0.0,2.0,7.0,0.0,0.0,0.0,0.0,0.0,0.0,0.0,0.0,0.0,0.0,0.0,Crystal-Palace
Justin Devenny,nir NIR,MF,21-041,,1,73.0,0.8,0.0,0.0,0.0,0.0,0.0,0.0,0.0,0.0,0.1,0.1,0.2,0.3,2.0,2.0,0.0,0.0,0.0,0.0,0.0,0.0,0.13,0.27,0.4,0.13,0.4,Crystal-Palace
Jeffrey Schlupp,gh GHA,"MF,DF",31-334,,0,68.0,0.8,0.0,0.0,0.0,0.0,0.0,0.0,0.0,0.0,0.1,0.1,0.1,0.2,2.0,3.0,7.0,0.0,0.0,0.0,0.0,0.0,0.11,0.14,0.25,0.11,0.25,Crystal-Palace
Jordan Ayew,gh GHA,"FW,MF",33-071,,0,21.0,0.2,0.0,0.0,0.0,0.0,0.0,0.0,1.0,0.0,0.5,0.5,0.0,0.5,0.0,0.0,1.0,0.0,0.0,0.0,0.0,0.0,1.96,0.21,2.17,1.96,2.17,Crystal-Palace
Asher Agbinone,eng ENG,MF,19-054,,0,6.0,0.1,0.0,0.0,0.0,0.0,0.0,0.0,0.0,0.0,0.0,0.0,0.0,0.1,2.0,0.0,1.0,0.0,0.0,0.0,0.0,0.0,0.29,0.5,0.79,0.29,0.79,Crystal-Palace
Caleb Kporha,eng ENG,DF,18-129,,0,3.0,0.0,0.0,0.0,0.0,0.0,0.0,0.0,0.0,0.0,0.0,0.0,0.0,0.0,1.0,0.0,0.0,0.0,0.0,0.0,0.0,0.0,0.0,0.0,0.0,0.0,0.0,Crystal-Palace
Naouirou Ahamada,fr FRA,MF,22-237,,0,,,,,,,,,,,,,,,,,,,,,,,,,,,,Crystal-Palace
Rob Holding,eng ENG,DF,29-062,,0,,,,,,,,,,,,,,,,,,,,,,,,,,,,Crystal-Palace
Sam Johnstone,eng ENG,GK,31-241,,0,,,,,,,,,,,,,,,,,,,,,,,,,,,,Crystal-Palace
Zachariah Marsh,eng ENG,FW,19-046,,0,,,,,,,,,,,,,,,,,,,,,,,,,,,,Crystal-Palace
Remi Matthews,eng ENG,GK,30-285,,0,,,,,,,,,,,,,,,,,,,,,,,,,,,,Crystal-Palace
Kaden Rodney,eng ENG,DF,20-045,,0,,,,,,,,,,,,,,,,,,,,,,,,,,,,Crystal-Palace
Matt Turner,us USA,GK,30-150,,0,,,,,,,,,,,,,,,,,,,,,,,,,,,,Crystal-Palace
Franco Umeh-Chibueze,ie IRL,MF,19-300,,0,,,,,,,,,,,,,,,,,,,,,,,,,,,,Crystal-Palace
Joel Ward,eng ENG,"DF,MF",35-023,,0,,,,,,,,,,,,,,,,,,,,,,,,,,,,Crystal-Palace
Squad Total,,,26.4,,121,990.0,11.0,7.0,4.0,11.0,6.0,1.0,1.0,25.0,1.0,13.8,13.0,10.5,23.4,161.0,397.0,393.0,0.64,0.36,1.0,0.55,0.91,1.25,0.95,2.2,1.18,2.13,Crystal-Palace
Opponent Total,,,27.0,,121,990.0,11.0,15.0,11.0,26.0,15.0,0.0,0.0,23.0,0.0,16.1,16.1,13.1,29.3,198.0,461.0,457.0,1.36,1.0,2.36,1.36,2.36,1.47,1.2,2.66,1.47,2.66,Crystal-Palace
João Gomes,br BRA,MF,23-283,11.0,11,927.0,10.3,1.0,0.0,1.0,1.0,0.0,0.0,4.0,0.0,0.5,0.5,0.2,0.7,19.0,39.0,20.0,0.1,0.0,0.1,0.1,0.1,0.04,0.02,0.06,0.04,0.06,Wolverhampton-Wanderers
Rayan Aït-Nouri,dz ALG,DF,23-168,11.0,11,922.0,10.2,3.0,2.0,5.0,3.0,0.0,0.0,4.0,0.0,1.2,1.2,1.0,2.2,19.0,33.0,41.0,0.29,0.2,0.49,0.29,0.49,0.12,0.1,0.22,0.12,0.22,Wolverhampton-Wanderers
Jørgen Strand Larsen,no NOR,FW,24-289,11.0,11,894.0,9.9,4.0,1.0,5.0,4.0,0.0,0.0,1.0,0.0,2.6,2.6,1.0,3.5,4.0,7.0,24.0,0.4,0.1,0.5,0.4,0.5,0.26,0.1,0.36,0.26,0.36,Wolverhampton-Wanderers
Matheus Cunha,br BRA,"MF,FW",25-178,11.0,10,886.0,9.8,5.0,2.0,7.0,5.0,0.0,0.0,1.0,0.0,2.4,2.4,3.8,6.2,35.0,39.0,54.0,0.51,0.2,0.71,0.51,0.71,0.24,0.39,0.63,0.24,0.63,Wolverhampton-Wanderers
Mario Lemina,ga GAB,MF,31-081,11.0,10,882.0,9.8,1.0,2.0,3.0,1.0,0.0,0.0,2.0,0.0,1.1,1.1,0.3,1.4,4.0,29.0,15.0,0.1,0.2,0.31,0.1,0.31,0.11,0.03,0.14,0.11,0.14,Wolverhampton-Wanderers
Nélson Semedo,pt POR,DF,31-005,9.0,9,780.0,8.7,0.0,2.0,2.0,0.0,0.0,0.0,4.0,0.0,0.3,0.3,1.1,1.4,14.0,23.0,22.0,0.0,0.23,0.23,0.0,0.23,0.04,0.12,0.16,0.04,0.16,Wolverhampton-Wanderers
Toti Gomes,pt POR,DF,25-310,9.0,9,737.0,8.2,0.0,1.0,1.0,0.0,0.0,0.0,4.0,0.0,0.0,0.0,0.5,0.5,4.0,16.0,3.0,0.0,0.12,0.12,0.0,0.12,0.0,0.07,0.07,0.0,0.07,Wolverhampton-Wanderers
Craig Dawson,eng ENG,DF,34-199,10.0,8,751.0,8.3,0.0,0.0,0.0,0.0,0.0,0.0,1.0,0.0,0.5,0.5,0.0,0.5,5.0,16.0,5.0,0.0,0.0,0.0,0.0,0.0,0.05,0.01,0.06,0.05,0.06,Wolverhampton-Wanderers
José Sá,pt POR,GK,31-309,6.0,6,540.0,6.0,0.0,0.0,0.0,0.0,0.0,0.0,0.0,0.0,0.0,0.0,0.1,0.1,0.0,0.0,0.0,0.0,0.0,0.0,0.0,0.0,0.0,0.01,0.01,0.0,0.01,Wolverhampton-Wanderers
Jean-Ricner Bellegarde,fr FRA,"MF,FW",26-147,10.0,6,476.0,5.3,1.0,1.0,2.0,1.0,0.0,0.0,2.0,0.0,0.3,0.3,0.3,0.6,13.0,6.0,26.0,0.19,0.19,0.38,0.19,0.38,0.06,0.06,0.12,0.06,0.12,Wolverhampton-Wanderers
Sam Johnstone,eng ENG,GK,31-241,5.0,5,450.0,5.0,0.0,0.0,0.0,0.0,0.0,0.0,0.0,0.0,0.0,0.0,0.0,0.0,0.0,0.0,0.0,0.0,0.0,0.0,0.0,0.0,0.0,0.01,0.01,0.0,0.01,Wolverhampton-Wanderers
Santiago Bueno,uy URU,DF,26-012,6.0,5,445.0,4.9,0.0,0.0,0.0,0.0,0.0,0.0,0.0,0.0,0.2,0.2,0.0,0.2,0.0,7.0,1.0,0.0,0.0,0.0,0.0,0.0,0.04,0.0,0.04,0.04,0.04,Wolverhampton-Wanderers
Yerson Mosquera,co COL,DF,23-203,5.0,5,441.0,4.9,0.0,0.0,0.0,0.0,0.0,0.0,2.0,0.0,0.3,0.3,0.1,0.4,0.0,7.0,0.0,0.0,0.0,0.0,0.0,0.0,0.07,0.02,0.09,0.07,0.09,Wolverhampton-Wanderers
André,br BRA,MF,23-128,7.0,5,363.0,4.0,0.0,0.0,0.0,0.0,0.0,0.0,2.0,0.0,0.1,0.1,0.1,0.2,0.0,10.0,0.0,0.0,0.0,0.0,0.0,0.0,0.02,0.04,0.05,0.02,0.05,Wolverhampton-Wanderers
Tommy Doyle,eng ENG,MF,23-035,8.0,2,266.0,3.0,0.0,1.0,1.0,0.0,0.0,0.0,0.0,0.0,0.3,0.3,0.1,0.4,3.0,22.0,2.0,0.0,0.34,0.34,0.0,0.34,0.1,0.03,0.13,0.1,0.13,Wolverhampton-Wanderers
Hwang Hee-chan,kr KOR,"FW,MF",28-300,6.0,2,256.0,2.8,0.0,0.0,0.0,0.0,0.0,0.0,0.0,0.0,0.0,0.0,0.1,0.1,5.0,3.0,7.0,0.0,0.0,0.0,0.0,0.0,0.0,0.04,0.04,0.0,0.04,Wolverhampton-Wanderers
Matt Doherty,ie IRL,DF,32-310,5.0,2,211.0,2.3,0.0,0.0,0.0,0.0,0.0,0.0,0.0,0.0,0.1,0.1,0.1,0.2,1.0,6.0,8.0,0.0,0.0,0.0,0.0,0.0,0.03,0.06,0.1,0.03,0.1,Wolverhampton-Wanderers
Pablo Sarabia,es ESP,"MF,FW",32-194,5.0,2,181.0,2.0,1.0,0.0,1.0,1.0,0.0,0.0,1.0,0.0,1.4,1.4,0.4,1.9,4.0,12.0,13.0,0.5,0.0,0.5,0.5,0.5,0.71,0.22,0.93,0.71,0.93,Wolverhampton-Wanderers
Carlos Forbs,pt POR,"MF,FW",20-247,5.0,1,179.0,2.0,0.0,0.0,0.0,0.0,0.0,0.0,2.0,0.0,0.1,0.1,0.0,0.1,8.0,7.0,21.0,0.0,0.0,0.0,0.0,0.0,0.05,0.02,0.07,0.05,0.07,Wolverhampton-Wanderers
Rodrigo Gomes,pt POR,"FW,MF",21-137,5.0,1,119.0,1.3,0.0,0.0,0.0,0.0,0.0,0.0,0.0,0.0,0.1,0.1,0.0,0.1,6.0,2.0,12.0,0.0,0.0,0.0,0.0,0.0,0.05,0.0,0.05,0.05,0.05,Wolverhampton-Wanderers
Gonçalo Guedes,pt POR,"FW,MF",27-358,8.0,0,129.0,1.4,0.0,1.0,1.0,0.0,0.0,0.0,1.0,0.0,0.1,0.1,0.3,0.4,3.0,5.0,12.0,0.0,0.7,0.7,0.0,0.7,0.08,0.22,0.3,0.08,0.3,Wolverhampton-Wanderers
Daniel Podence,pt POR,"MF,FW",29-031,2.0,0,48.0,0.5,0.0,0.0,0.0,0.0,0.0,0.0,0.0,0.0,0.0,0.0,0.0,0.0,1.0,2.0,3.0,0.0,0.0,0.0,0.0,0.0,0.07,0.0,0.07,0.07,0.07,Wolverhampton-Wanderers
Chiquinho,pt POR,MF,24-290,1.0,0,7.0,0.1,0.0,0.0,0.0,0.0,0.0,0.0,0.0,0.0,0.0,0.0,0.0,0.0,0.0,0.0,0.0,0.0,0.0,0.0,0.0,0.0,0.0,0.42,0.42,0.0,0.42,Wolverhampton-Wanderers
Daniel Bentley,eng ENG,GK,31-131,0.0,0,,,,,,,,,,,,,,,,,,,,,,,,,,,,Wolverhampton-Wanderers
Pedro Lima,br BRA,DF,18-143,0.0,0,,,,,,,,,,,,,,,,,,,,,,,,,,,,Wolverhampton-Wanderers
Alfie Pond,eng ENG,DF,20-265,0.0,0,,,,,,,,,,,,,,,,,,,,,,,,,,,,Wolverhampton-Wanderers
Boubacar Traoré,ml MLI,MF,23-093,0.0,0,,,,,,,,,,,,,,,,,,,,,,,,,,,,Wolverhampton-Wanderers
Squad Total,,,27.3,11.0,121,990.0,11.0,16.0,13.0,29.0,16.0,0.0,0.0,31.0,0.0,11.5,11.5,9.7,21.2,148.0,291.0,289.0,1.45,1.18,2.64,1.45,2.64,1.04,0.88,1.93,1.04,1.93,Wolverhampton-Wanderers
Opponent Total,,,26.4,11.0,121,990.0,11.0,27.0,22.0,49.0,25.0,2.0,2.0,29.0,0.0,19.8,18.2,14.9,33.1,283.0,528.0,525.0,2.45,2.0,4.45,2.27,4.27,1.8,1.36,3.15,1.65,3.01,Wolverhampton-Wanderers
Jan Bednarek,pl POL,DF,28-223,,11,980.0,10.9,0.0,0.0,0.0,0.0,0.0,0.0,3.0,0.0,0.0,0.0,0.4,0.5,4.0,31.0,1.0,0.0,0.0,0.0,0.0,0.0,0.0,0.04,0.04,0.0,0.04,Southampton
Flynn Downes,eng ENG,MF,25-306,,10,896.0,10.0,0.0,0.0,0.0,0.0,0.0,0.0,4.0,0.0,0.5,0.5,0.9,1.3,15.0,40.0,18.0,0.0,0.0,0.0,0.0,0.0,0.05,0.09,0.13,0.05,0.13,Southampton
Taylor Harwood-Bellis,eng ENG,DF,22-296,,10,860.0,9.6,1.0,0.0,1.0,1.0,0.0,0.0,4.0,0.0,1.2,1.2,0.4,1.6,4.0,34.0,5.0,0.1,0.0,0.1,0.1,0.1,0.12,0.04,0.16,0.12,0.16,Southampton
Aaron Ramsdale,eng ENG,GK,26-191,,9,810.0,9.0,0.0,0.0,0.0,0.0,0.0,0.0,1.0,0.0,0.0,0.0,0.0,0.0,0.0,0.0,0.0,0.0,0.0,0.0,0.0,0.0,0.0,0.0,0.0,0.0,0.0,Southampton
Kyle Walker-Peters,eng ENG,DF,27-222,,9,800.0,8.9,0.0,1.0,1.0,0.0,0.0,0.0,2.0,0.0,0.2,0.2,0.9,1.1,37.0,41.0,24.0,0.0,0.11,0.11,0.0,0.11,0.03,0.1,0.12,0.03,0.12,Southampton
Mateus Fernandes,pt POR,MF,20-134,,8,707.0,7.9,0.0,1.0,1.0,0.0,0.0,0.0,3.0,0.0,0.7,0.7,1.0,1.7,26.0,42.0,28.0,0.0,0.13,0.13,0.0,0.13,0.08,0.13,0.22,0.08,0.22,Southampton
Yukinari Sugawara,jp JPN,DF,24-146,,8,668.0,7.4,1.0,1.0,2.0,1.0,0.0,0.0,2.0,0.0,0.3,0.3,1.5,1.8,12.0,35.0,28.0,0.13,0.13,0.27,0.13,0.27,0.04,0.21,0.25,0.04,0.25,Southampton
Jack Stephens,eng ENG,DF,30-299,,7,575.0,6.4,0.0,0.0,0.0,0.0,0.0,0.0,1.0,1.0,0.2,0.2,0.1,0.4,11.0,41.0,1.0,0.0,0.0,0.0,0.0,0.0,0.04,0.02,0.06,0.04,0.06,Southampton
Joe Aribo,ng NGA,MF,28-123,,6,599.0,6.7,1.0,0.0,1.0,1.0,0.0,0.0,0.0,0.0,1.3,1.3,0.7,1.9,18.0,25.0,28.0,0.15,0.0,0.15,0.15,0.15,0.19,0.1,0.29,0.19,0.29,Southampton
Cameron Archer,eng ENG,FW,23-123,,6,598.0,6.6,2.0,0.0,2.0,2.0,0.0,1.0,0.0,0.0,3.5,2.7,0.2,2.9,9.0,4.0,25.0,0.3,0.0,0.3,0.3,0.3,0.53,0.03,0.56,0.41,0.44,Southampton
Tyler Dibling,eng ENG,"FW,MF",18-254,,6,570.0,6.3,1.0,0.0,1.0,1.0,0.0,0.0,4.0,0.0,1.0,1.0,0.8,1.7,30.0,24.0,40.0,0.16,0.0,0.16,0.16,0.16,0.15,0.12,0.27,0.15,0.27,Southampton
Adam Armstrong,eng ENG,"FW,MF",27-285,,5,456.0,5.1,1.0,0.0,1.0,1.0,0.0,0.0,2.0,0.0,1.2,1.2,0.2,1.4,10.0,9.0,45.0,0.2,0.0,0.2,0.2,0.2,0.24,0.03,0.27,0.24,0.27,Southampton
Ryan Manning,ie IRL,"DF,FW",28-160,,5,329.0,3.7,0.0,0.0,0.0,0.0,0.0,0.0,1.0,0.0,0.1,0.1,0.5,0.6,2.0,1.0,29.0,0.0,0.0,0.0,0.0,0.0,0.01,0.14,0.16,0.01,0.16,Southampton
Ben Brereton,cl CHI,FW,25-217,,4,407.0,4.5,0.0,0.0,0.0,0.0,0.0,0.0,1.0,0.0,0.9,0.9,0.1,1.0,11.0,8.0,39.0,0.0,0.0,0.0,0.0,0.0,0.2,0.02,0.22,0.2,0.22,Southampton
Adam Lallana,eng ENG,MF,36-195,,4,279.0,3.1,0.0,2.0,2.0,0.0,0.0,0.0,3.0,0.0,0.2,0.2,0.9,1.0,5.0,21.0,8.0,0.0,0.65,0.65,0.0,0.65,0.05,0.28,0.33,0.05,0.33,Southampton
William Smallbone,ie IRL,MF,24-274,,3,241.0,2.7,0.0,0.0,0.0,0.0,0.0,0.0,0.0,0.0,0.3,0.3,0.3,0.6,2.0,8.0,12.0,0.0,0.0,0.0,0.0,0.0,0.11,0.11,0.23,0.11,0.23,Southampton
Charlie Taylor,eng ENG,DF,31-064,,2,209.0,2.3,0.0,0.0,0.0,0.0,0.0,0.0,1.0,0.0,0.0,0.0,0.1,0.1,2.0,6.0,6.0,0.0,0.0,0.0,0.0,0.0,0.0,0.03,0.03,0.0,0.03,Southampton
Alex McCarthy,eng ENG,GK,34-354,,2,180.0,2.0,0.0,0.0,0.0,0.0,0.0,0.0,0.0,0.0,0.0,0.0,0.0,0.0,0.0,0.0,0.0,0.0,0.0,0.0,0.0,0.0,0.0,0.0,0.0,0.0,0.0,Southampton
Lesley Ugochukwu,fr FRA,MF,20-240,,2,172.0,1.9,0.0,0.0,0.0,0.0,0.0,0.0,1.0,0.0,0.2,0.2,0.2,0.4,4.0,3.0,1.0,0.0,0.0,0.0,0.0,0.0,0.11,0.1,0.21,0.11,0.21,Southampton
Ryan Fraser,sct SCO,FW,30-271,,2,141.0,1.6,0.0,0.0,0.0,0.0,0.0,0.0,0.0,1.0,0.0,0.0,0.1,0.1,4.0,1.0,7.0,0.0,0.0,0.0,0.0,0.0,0.02,0.05,0.07,0.02,0.07,Southampton
Ross Stewart,sct SCO,"FW,MF",28-133,,1,132.0,1.5,0.0,0.0,0.0,0.0,0.0,0.0,1.0,0.0,0.1,0.1,0.0,0.1,1.0,1.0,5.0,0.0,0.0,0.0,0.0,0.0,0.08,0.0,0.08,0.08,0.08,Southampton
Maxwel Cornet,ci CIV,FW,28-055,,1,72.0,0.8,0.0,0.0,0.0,0.0,0.0,0.0,1.0,0.0,0.2,0.2,0.0,0.2,1.0,0.0,5.0,0.0,0.0,0.0,0.0,0.0,0.2,0.0,0.2,0.2,0.2,Southampton
Samuel Edozie,eng ENG,"DF,FW",21-298,,0,65.0,0.7,0.0,0.0,0.0,0.0,0.0,0.0,1.0,0.0,0.0,0.0,0.1,0.1,6.0,4.0,23.0,0.0,0.0,0.0,0.0,0.0,0.0,0.14,0.14,0.0,0.14,Southampton
Paul Onuachu,ng NGA,FW,30-177,,0,63.0,0.7,0.0,0.0,0.0,0.0,0.0,0.0,1.0,0.0,0.1,0.1,0.0,0.1,0.0,2.0,2.0,0.0,0.0,0.0,0.0,0.0,0.08,0.03,0.11,0.08,0.11,Southampton
Kamaldeen Sulemana,gh GHA,"FW,MF",22-280,,0,17.0,0.2,0.0,0.0,0.0,0.0,0.0,0.0,0.0,0.0,0.0,0.0,0.0,0.0,1.0,0.0,1.0,0.0,0.0,0.0,0.0,0.0,0.1,0.0,0.1,0.1,0.1,Southampton
James Bree,eng ENG,DF,27-041,,0,14.0,0.2,0.0,0.0,0.0,0.0,0.0,0.0,0.0,0.0,0.0,0.0,0.0,0.0,0.0,1.0,1.0,0.0,0.0,0.0,0.0,0.0,0.0,0.07,0.07,0.0,0.07,Southampton
Carlos Alcaraz,ar ARG,MF,21-357,,0,10.0,0.1,0.0,0.0,0.0,0.0,0.0,0.0,0.0,0.0,0.1,0.1,0.1,0.2,4.0,6.0,1.0,0.0,0.0,0.0,0.0,0.0,0.62,0.86,1.48,0.62,1.48,Southampton
Samuel Amo-Ameyaw,eng ENG,DF,18-126,,0,10.0,0.1,0.0,0.0,0.0,0.0,0.0,0.0,0.0,0.0,0.0,0.0,0.1,0.1,0.0,0.0,2.0,0.0,0.0,0.0,0.0,0.0,0.18,0.62,0.8,0.18,0.8,Southampton
Joe Lumley,eng ENG,GK,29-280,,0,,,,,,,,,,,,,,,,,,,,,,,,,,,,Southampton
Nathan Wood-Gordon,eng ENG,DF,22-174,,0,,,,,,,,,,,,,,,,,,,,,,,,,,,,Southampton
Squad Total,,,26.1,,121,990.0,11.0,7.0,5.0,12.0,7.0,0.0,1.0,37.0,2.0,11.9,11.1,9.3,20.4,219.0,388.0,385.0,0.64,0.45,1.09,0.64,1.09,1.08,0.85,1.93,1.01,1.85,Southampton
Opponent Total,,,26.9,,121,990.0,11.0,21.0,15.0,36.0,20.0,1.0,1.0,24.0,1.0,22.4,21.8,19.1,40.8,222.0,430.0,427.0,1.91,1.36,3.27,1.82,3.18,2.04,1.73,3.77,1.98,3.71,Southampton
